{"file_name":"blfl","texture_size":[64,64],"textures":{"553c7a5d-5394-999d-a2d4-c1b565c43835":"modelengine:entity/texture"},"elements":[{"name":"cube","from":[8.0,5.0,6.2],"to":[9.8,6.2,10.4],"rotation":{"angle":-45.0,"axis":"x","origin":[8.0,5.0,6.2]},"faces":{"down":{"uv":[7.0,10.25,6.25,12.0],"rotation":0,"texture":"#553c7a5d-5394-999d-a2d4-c1b565c43835","tintindex":0},"east":{"uv":[10.5,11.5,12.25,12.0],"rotation":0,"texture":"#553c7a5d-5394-999d-a2d4-c1b565c43835","tintindex":0},"north":{"uv":[10.5,5.5,11.25,6.0],"rotation":0,"texture":"#553c7a5d-5394-999d-a2d4-c1b565c43835","tintindex":0},"south":{"uv":[9.75,11.75,10.5,12.25],"rotation":0,"texture":"#553c7a5d-5394-999d-a2d4-c1b565c43835","tintindex":0},"up":{"uv":[10.5,11.75,9.75,10.0],"rotation":0,"texture":"#553c7a5d-5394-999d-a2d4-c1b565c43835","tintindex":0},"west":{"uv":[11.5,0.5,13.25,1.0],"rotation":0,"texture":"#553c7a5d-5394-999d-a2d4-c1b565c43835","tintindex":0}}},{"name":"cube","from":[6.8,5.0,3.1999998],"to":[9.8,5.6,6.2],"rotation":{"angle":0.0,"axis":"x","origin":[6.8,5.0,3.1999998]},"faces":{"down":{"uv":[7.75,9.0,6.5,10.25],"rotation":0,"texture":"#553c7a5d-5394-999d-a2d4-c1b565c43835","tintindex":0},"east":{"uv":[11.75,11.25,13.0,11.5],"rotation":0,"texture":"#553c7a5d-5394-999d-a2d4-c1b565c43835","tintindex":0},"north":{"uv":[11.75,11.0,13.0,11.25],"rotation":0,"texture":"#553c7a5d-5394-999d-a2d4-c1b565c43835","tintindex":0},"south":{"uv":[10.5,12.0,11.75,12.25],"rotation":0,"texture":"#553c7a5d-5394-999d-a2d4-c1b565c43835","tintindex":0},"up":{"uv":[2.25,10.0,1.0,8.75],"rotation":0,"texture":"#553c7a5d-5394-999d-a2d4-c1b565c43835","tintindex":0},"west":{"uv":[11.75,12.0,13.0,12.25],"rotation":0,"texture":"#553c7a5d-5394-999d-a2d4-c1b565c43835","tintindex":0}}}],"display":{"head":{"translation":[0.0,-6.4,0.0],"rotation":[0.0,0.0,0.0],"scale":[3.8095,3.8095,3.8095]},"gui":{"translation":[0.0,0.0,0.0],"rotation":[35.0,225.0,0.0],"scale":[0.625,0.625,0.625]}}}