{"file_name":"flr","texture_size":[64,64],"textures":{"553c7a5d-5394-999d-a2d4-c1b565c43835":"modelengine:entity/texture"},"elements":[{"name":"cube","from":[8.0,2.2999997,4.3999996],"to":[9.2,9.5,5.6],"rotation":{"angle":22.5,"axis":"x","origin":[8.0,1.9999998,4.3999996]},"faces":{"down":{"uv":[1.5,8.0,1.0,8.5],"rotation":0,"texture":"#553c7a5d-5394-999d-a2d4-c1b565c43835","tintindex":0},"east":{"uv":[3.75,9.25,4.25,12.25],"rotation":0,"texture":"#553c7a5d-5394-999d-a2d4-c1b565c43835","tintindex":0},"north":{"uv":[3.25,9.25,3.75,12.25],"rotation":0,"texture":"#553c7a5d-5394-999d-a2d4-c1b565c43835","tintindex":0},"south":{"uv":[4.25,9.25,4.75,12.25],"rotation":0,"texture":"#553c7a5d-5394-999d-a2d4-c1b565c43835","tintindex":0},"up":{"uv":[5.0,7.25,4.5,6.75],"rotation":0,"texture":"#553c7a5d-5394-999d-a2d4-c1b565c43835","tintindex":0},"west":{"uv":[4.75,9.25,5.25,12.25],"rotation":0,"texture":"#553c7a5d-5394-999d-a2d4-c1b565c43835","tintindex":0}}},{"name":"cube","from":[7.4,1.9999998,3.1999998],"to":[9.8,2.6,5.0],"rotation":{"angle":0.0,"axis":"x","origin":[7.4,1.9999998,3.1999998]},"faces":{"down":{"uv":[15.0,16.0,16.0,15.25],"rotation":0,"texture":"#553c7a5d-5394-999d-a2d4-c1b565c43835","tintindex":0},"east":{"uv":[13.75,15.75,14.75,16.0],"rotation":0,"texture":"#553c7a5d-5394-999d-a2d4-c1b565c43835","tintindex":0},"north":{"uv":[13.25,15.25,14.5,15.5],"rotation":0,"texture":"#553c7a5d-5394-999d-a2d4-c1b565c43835","tintindex":0},"south":{"uv":[15.75,15.75,16.0,16.0],"rotation":0,"texture":"#553c7a5d-5394-999d-a2d4-c1b565c43835","tintindex":0},"up":{"uv":[15.0,15.25,16.0,16.0],"rotation":0,"texture":"#553c7a5d-5394-999d-a2d4-c1b565c43835","tintindex":0},"west":{"uv":[14.75,15.75,13.75,16.0],"rotation":0,"texture":"#553c7a5d-5394-999d-a2d4-c1b565c43835","tintindex":0}}}],"display":{"head":{"translation":[0.0,-6.4,0.0],"rotation":[0.0,0.0,0.0],"scale":[3.8095,3.8095,3.8095]},"gui":{"translation":[0.0,0.0,0.0],"rotation":[35.0,225.0,0.0],"scale":[0.625,0.625,0.625]}}}