{"textures":{"0":"modelengine:entity/bearmeg"},"elements":[{"name":"box1","from":[2.5571446,3.2163694,4.3734684],"to":[13.247768,13.57614,11.10732],"rotation":{"angle":0.0,"axis":"x","origin":[6.776886,10.6773615,-0.5617945]},"faces":{"down":{"uv":[2.25,6.75,0.0,8.125],"rotation":0,"texture":"#0","tintindex":0},"east":{"uv":[8.625,0.0,7.25,2.125],"rotation":0,"texture":"#0","tintindex":0},"north":{"uv":[2.5,2.5,4.75,4.625],"rotation":0,"texture":"#0","tintindex":0},"south":{"uv":[2.5,0.0,4.75,2.125],"rotation":0,"texture":"#0","tintindex":0},"up":{"uv":[7.25,8.0,5.0,6.625],"rotation":0,"texture":"#0","tintindex":0},"west":{"uv":[7.25,0.0,8.625,2.125],"rotation":0,"texture":"#0","tintindex":0}}},{"name":"box1","from":[2.5165374,4.3892126,-0.61928105],"to":[13.394298,14.230996,4.891457],"rotation":{"angle":0.0,"axis":"x","origin":[8.0,10.6773615,-0.5617945]},"faces":{"down":{"uv":[9.5,2.125,7.25,3.25],"rotation":0,"texture":"#0","tintindex":0},"east":{"uv":[7.25,8.0,6.125,10.0],"rotation":0,"texture":"#0","tintindex":0},"north":{"uv":[2.5,4.625,4.75,6.625],"rotation":0,"texture":"#0","tintindex":0},"south":{"uv":[4.75,4.625,2.5,6.625],"rotation":0,"texture":"#0","tintindex":0},"up":{"uv":[9.25,5.75,7.0,4.625],"rotation":0,"texture":"#0","tintindex":0},"west":{"uv":[6.125,8.0,7.25,10.0],"rotation":0,"texture":"#0","tintindex":0}}},{"name":"box2","from":[2.962607,3.612169,17.784908],"to":[13.466094,12.56169,20.849419],"rotation":{"angle":0.0,"axis":"x","origin":[6.776886,11.9004755,6.776886]},"faces":{"down":{"uv":[10.875,0.625,8.625,1.25],"rotation":0,"texture":"#0","tintindex":0},"east":{"uv":[12.0,9.25,11.375,10.0],"rotation":0,"texture":"#0","tintindex":0},"north":{"uv":[4.75,4.75,7.0,6.625],"rotation":0,"texture":"#0","tintindex":0},"south":{"uv":[4.75,0.0,7.0,1.875],"rotation":0,"texture":"#0","tintindex":0},"up":{"uv":[10.875,0.625,8.625,0.0],"rotation":0,"texture":"#0","tintindex":0},"west":{"uv":[9.875,6.75,10.5,8.625],"rotation":0,"texture":"#0","tintindex":0}}},{"name":"box1","from":[2.1199996,2.6048126,11.10732],"to":[13.8465805,14.000561,17.841171],"rotation":{"angle":0.0,"axis":"x","origin":[6.776886,10.6773615,-0.5617945]},"faces":{"down":{"uv":[7.25,3.25,4.75,4.625],"rotation":0,"texture":"#0","tintindex":0},"east":{"uv":[5.0,6.625,3.625,9.0],"rotation":0,"texture":"#0","tintindex":0},"north":{"uv":[2.5,4.625,4.75,6.625],"rotation":0,"texture":"#0","tintindex":0},"south":{"uv":[4.75,0.0,7.0,1.875],"rotation":0,"texture":"#0","tintindex":0},"up":{"uv":[7.25,3.25,4.75,1.875],"rotation":0,"texture":"#0","tintindex":0},"west":{"uv":[3.625,6.625,5.0,9.0],"rotation":0,"texture":"#0","tintindex":0}}}],"display":{"head":{"translation":[0.0,-6.4,0.0],"rotation":[0.0,0.0,0.0],"scale":[3.8095,3.8095,3.8095]}}}