{"textures":{"0":"modelengine:entity/bearmeg"},"elements":[{"name":"box2","from":[6.2021217,7.1553774,5.366934],"to":[9.871462,8.37849,8.424718],"rotation":{"angle":0.0,"axis":"x","origin":[13.663114,22.81123,5.366934]},"faces":{"down":{"uv":[12.25,2.875,11.5,3.5],"rotation":0,"texture":"#0","tintindex":0},"east":{"uv":[5.125,12.0,5.875,12.375],"rotation":0,"texture":"#0","tintindex":0},"north":{"uv":[5.125,12.0,5.875,12.375],"rotation":0,"texture":"#0","tintindex":0},"south":{"uv":[5.125,12.0,5.875,12.375],"rotation":0,"texture":"#0","tintindex":0},"up":{"uv":[11.375,10.5,10.5,9.75],"rotation":0,"texture":"#0","tintindex":0},"west":{"uv":[5.125,12.0,5.875,12.375],"rotation":0,"texture":"#0","tintindex":0}}},{"name":"box22","from":[6.2143526,7.522311,5.0],"to":[6.825909,8.25618,5.7338686],"rotation":{"angle":0.0,"axis":"x","origin":[13.663114,22.81123,-3.1948605]},"faces":{"down":{"uv":[12.25,4.25,12.125,4.375],"rotation":0,"texture":"#0","tintindex":0},"east":{"uv":[1.5,11.875,1.625,12.0],"rotation":0,"texture":"#0","tintindex":0},"north":{"uv":[5.25,11.75,5.375,11.875],"rotation":0,"texture":"#0","tintindex":0},"south":{"uv":[5.5,11.75,5.625,11.875],"rotation":0,"texture":"#0","tintindex":0},"up":{"uv":[1.5,11.875,1.625,12.0],"rotation":0,"texture":"#0","tintindex":0},"west":{"uv":[7.5,11.75,7.625,11.875],"rotation":0,"texture":"#0","tintindex":0}}},{"name":"box22","from":[6.263277,7.522311,3.8991983],"to":[6.7812657,8.0403,5.244622],"rotation":{"angle":-22.5,"axis":"x","origin":[14.886228,7.4,5.0]},"faces":{"down":{"uv":[4.75,9.875,5.0,10.0],"rotation":0,"texture":"#0","tintindex":0},"east":{"uv":[4.75,9.875,5.0,10.0],"rotation":0,"texture":"#0","tintindex":0},"north":{"uv":[12.125,5.375,12.25,5.5],"rotation":0,"texture":"#0","tintindex":0},"south":{"uv":[12.125,5.5,12.25,5.625],"rotation":0,"texture":"#0","tintindex":0},"up":{"uv":[10.5,2.375,10.375,2.125],"rotation":0,"texture":"#0","tintindex":0},"west":{"uv":[4.75,9.875,5.0,10.0],"rotation":0,"texture":"#0","tintindex":0}}},{"name":"box23","from":[6.9971447,7.644623,3.7768862],"to":[7.5151334,8.162611,5.1223116],"rotation":{"angle":-22.5,"axis":"x","origin":[16.10934,7.4,5.0]},"faces":{"down":{"uv":[4.75,9.875,5.0,10.0],"rotation":0,"texture":"#0","tintindex":0},"east":{"uv":[4.75,9.875,5.0,10.0],"rotation":0,"texture":"#0","tintindex":0},"north":{"uv":[4.75,9.875,5.0,10.0],"rotation":0,"texture":"#0","tintindex":0},"south":{"uv":[1.375,12.25,1.5,12.375],"rotation":0,"texture":"#0","tintindex":0},"up":{"uv":[10.5,2.375,10.375,2.125],"rotation":0,"texture":"#0","tintindex":0},"west":{"uv":[4.75,9.875,5.0,10.0],"rotation":0,"texture":"#0","tintindex":0}}},{"name":"box23","from":[6.9359894,7.522311,4.7553773],"to":[7.6087017,8.25618,5.7338686],"rotation":{"angle":0.0,"axis":"x","origin":[14.886228,22.81123,-3.1948605]},"faces":{"down":{"uv":[12.25,4.25,12.125,4.375],"rotation":0,"texture":"#0","tintindex":0},"east":{"uv":[7.0,1.75,7.25,1.875],"rotation":0,"texture":"#0","tintindex":0},"north":{"uv":[6.125,12.0,6.25,12.125],"rotation":0,"texture":"#0","tintindex":0},"south":{"uv":[9.0,12.0,9.125,12.125],"rotation":0,"texture":"#0","tintindex":0},"up":{"uv":[1.5,11.875,1.625,12.0],"rotation":0,"texture":"#0","tintindex":0},"west":{"uv":[7.0,6.5,7.25,6.625],"rotation":0,"texture":"#0","tintindex":0}}},{"name":"box23","from":[7.6698575,7.522311,4.5107546],"to":[8.342569,8.25618,5.7338686],"rotation":{"angle":0.0,"axis":"x","origin":[16.10934,22.81123,-3.1948605]},"faces":{"down":{"uv":[12.25,4.25,12.125,4.375],"rotation":0,"texture":"#0","tintindex":0},"east":{"uv":[5.25,4.625,5.5,4.75],"rotation":0,"texture":"#0","tintindex":0},"north":{"uv":[1.25,12.0,1.375,12.125],"rotation":0,"texture":"#0","tintindex":0},"south":{"uv":[1.375,12.0,1.5,12.125],"rotation":0,"texture":"#0","tintindex":0},"up":{"uv":[1.5,11.875,1.625,12.0],"rotation":0,"texture":"#0","tintindex":0},"west":{"uv":[5.5,4.625,5.75,4.75],"rotation":0,"texture":"#0","tintindex":0}}},{"name":"box23","from":[7.7310133,7.2776885,3.409952],"to":[8.2490015,7.795677,4.7553773],"rotation":{"angle":-22.5,"axis":"x","origin":[17.332455,7.4,3.7768862]},"faces":{"down":{"uv":[4.75,9.875,5.0,10.0],"rotation":0,"texture":"#0","tintindex":0},"east":{"uv":[4.75,9.875,5.0,10.0],"rotation":0,"texture":"#0","tintindex":0},"north":{"uv":[4.75,9.875,5.0,10.0],"rotation":0,"texture":"#0","tintindex":0},"south":{"uv":[12.125,11.125,12.25,11.25],"rotation":0,"texture":"#0","tintindex":0},"up":{"uv":[10.5,2.375,10.375,2.125],"rotation":0,"texture":"#0","tintindex":0},"west":{"uv":[4.75,9.875,5.0,10.0],"rotation":0,"texture":"#0","tintindex":0}}},{"name":"box24","from":[8.464882,7.1553774,3.654575],"to":[8.98287,7.673366,5.0],"rotation":{"angle":-22.5,"axis":"x","origin":[18.555569,7.4,3.7768862]},"faces":{"down":{"uv":[4.75,9.875,5.0,10.0],"rotation":0,"texture":"#0","tintindex":0},"east":{"uv":[4.75,9.875,5.0,10.0],"rotation":0,"texture":"#0","tintindex":0},"north":{"uv":[4.75,9.875,5.0,10.0],"rotation":0,"texture":"#0","tintindex":0},"south":{"uv":[2.375,12.25,2.5,12.375],"rotation":0,"texture":"#0","tintindex":0},"up":{"uv":[10.5,2.375,10.375,2.125],"rotation":0,"texture":"#0","tintindex":0},"west":{"uv":[4.75,9.875,5.0,10.0],"rotation":0,"texture":"#0","tintindex":0}}},{"name":"box24","from":[8.403726,7.522311,4.7553773],"to":[9.076438,8.25618,5.7338686],"rotation":{"angle":0.0,"axis":"x","origin":[17.332455,22.81123,-3.1948605]},"faces":{"down":{"uv":[12.25,4.25,12.125,4.375],"rotation":0,"texture":"#0","tintindex":0},"east":{"uv":[8.625,8.5,8.875,8.625],"rotation":0,"texture":"#0","tintindex":0},"north":{"uv":[12.0,7.875,12.125,8.0],"rotation":0,"texture":"#0","tintindex":0},"south":{"uv":[1.25,12.125,1.375,12.25],"rotation":0,"texture":"#0","tintindex":0},"up":{"uv":[1.5,11.875,1.625,12.0],"rotation":0,"texture":"#0","tintindex":0},"west":{"uv":[8.75,4.5,9.0,4.625],"rotation":0,"texture":"#0","tintindex":0}}},{"name":"box25","from":[9.137594,7.522311,5.0],"to":[9.810307,8.25618,5.7338686],"rotation":{"angle":0.0,"axis":"x","origin":[18.555569,22.81123,-3.1948605]},"faces":{"down":{"uv":[12.25,4.25,12.125,4.375],"rotation":0,"texture":"#0","tintindex":0},"east":{"uv":[1.5,11.875,1.625,12.0],"rotation":0,"texture":"#0","tintindex":0},"north":{"uv":[9.25,12.125,9.375,12.25],"rotation":0,"texture":"#0","tintindex":0},"south":{"uv":[10.125,12.125,10.25,12.25],"rotation":0,"texture":"#0","tintindex":0},"up":{"uv":[1.5,11.875,1.625,12.0],"rotation":0,"texture":"#0","tintindex":0},"west":{"uv":[10.25,12.125,10.375,12.25],"rotation":0,"texture":"#0","tintindex":0}}},{"name":"box25","from":[9.19875,7.522311,3.8991983],"to":[9.716738,8.0403,5.244622],"rotation":{"angle":-22.5,"axis":"x","origin":[19.778683,7.4,5.0]},"faces":{"down":{"uv":[4.75,9.875,5.0,10.0],"rotation":0,"texture":"#0","tintindex":0},"east":{"uv":[4.75,9.875,5.0,10.0],"rotation":0,"texture":"#0","tintindex":0},"north":{"uv":[4.75,9.875,5.0,10.0],"rotation":0,"texture":"#0","tintindex":0},"south":{"uv":[3.375,12.25,3.5,12.375],"rotation":0,"texture":"#0","tintindex":0},"up":{"uv":[10.5,2.375,10.375,2.125],"rotation":0,"texture":"#0","tintindex":0},"west":{"uv":[4.75,9.875,5.0,10.0],"rotation":0,"texture":"#0","tintindex":0}}}],"display":{"head":{"translation":[0.0,-6.4,0.0],"rotation":[0.0,0.0,0.0],"scale":[3.8095,3.8095,3.8095]}}}