{"textures":{"0":"modelengine:entity/bearmeg"},"elements":[{"name":"box1","from":[6.901129,4.300802,6.4148607],"to":[9.821924,7.970143,9.335656],"rotation":{"angle":0.0,"axis":"x","origin":[3.4764113,17.388117,-7.895567]},"faces":{"down":{"uv":[0.875,10.25,0.0,11.125],"rotation":0,"texture":"#0","tintindex":0},"east":{"uv":[12.0,9.25,11.375,10.0],"rotation":0,"texture":"#0","tintindex":0},"north":{"uv":[11.375,9.25,12.0,10.0],"rotation":0,"texture":"#0","tintindex":0},"south":{"uv":[12.0,9.25,11.375,10.0],"rotation":0,"texture":"#0","tintindex":0},"up":{"uv":[11.375,9.25,12.0,10.0],"rotation":0,"texture":"#0","tintindex":0},"west":{"uv":[11.375,9.25,12.0,10.0],"rotation":0,"texture":"#0","tintindex":0}}},{"name":"box1","from":[6.534195,2.7107546,4.665808],"to":[10.490967,4.300802,8.435444],"rotation":{"angle":0.0,"axis":"x","origin":[13.261319,18.611229,-7.895567]},"faces":{"down":{"uv":[5.625,10.75,4.75,11.5],"rotation":0,"texture":"#0","tintindex":0},"east":{"uv":[5.875,12.0,5.125,12.375],"rotation":0,"texture":"#0","tintindex":0},"north":{"uv":[5.125,12.0,5.875,12.375],"rotation":0,"texture":"#0","tintindex":0},"south":{"uv":[5.125,12.0,5.875,12.375],"rotation":0,"texture":"#0","tintindex":0},"up":{"uv":[11.375,10.5,10.5,9.75],"rotation":0,"texture":"#0","tintindex":0},"west":{"uv":[5.125,12.0,5.875,12.375],"rotation":0,"texture":"#0","tintindex":0}}},{"name":"box23","from":[6.6565065,3.3223114,3.9686337],"to":[7.2680635,4.056179,4.7025013],"rotation":{"angle":0.0,"axis":"x","origin":[14.484433,18.611229,-4.2262273]},"faces":{"down":{"uv":[5.25,11.875,5.125,12.0],"rotation":0,"texture":"#0","tintindex":0},"east":{"uv":[11.75,6.375,11.875,6.5],"rotation":0,"texture":"#0","tintindex":0},"north":{"uv":[10.375,11.75,10.5,11.875],"rotation":0,"texture":"#0","tintindex":0},"south":{"uv":[1.375,11.875,1.5,12.0],"rotation":0,"texture":"#0","tintindex":0},"up":{"uv":[1.5,11.875,1.625,12.0],"rotation":0,"texture":"#0","tintindex":0},"west":{"uv":[1.5,11.875,1.625,12.0],"rotation":0,"texture":"#0","tintindex":0}}},{"name":"box23","from":[6.717662,3.3223114,2.8678317],"to":[7.235651,3.8402998,4.2132564],"rotation":{"angle":-22.5,"axis":"x","origin":[15.707546,3.2,3.9686337]},"faces":{"down":{"uv":[4.75,9.875,5.0,10.0],"rotation":0,"texture":"#0","tintindex":0},"east":{"uv":[4.75,9.875,5.0,10.0],"rotation":0,"texture":"#0","tintindex":0},"north":{"uv":[4.75,9.875,5.0,10.0],"rotation":0,"texture":"#0","tintindex":0},"south":{"uv":[12.125,5.75,12.25,5.875],"rotation":0,"texture":"#0","tintindex":0},"up":{"uv":[10.5,2.375,10.375,2.125],"rotation":0,"texture":"#0","tintindex":0},"west":{"uv":[4.75,9.875,5.0,10.0],"rotation":0,"texture":"#0","tintindex":0}}},{"name":"box24","from":[7.4515305,3.4446228,2.74552],"to":[7.9695187,3.9626112,4.0909452],"rotation":{"angle":-22.5,"axis":"x","origin":[16.93066,3.2,3.9686337]},"faces":{"down":{"uv":[4.75,9.875,5.0,10.0],"rotation":0,"texture":"#0","tintindex":0},"east":{"uv":[4.75,9.875,5.0,10.0],"rotation":0,"texture":"#0","tintindex":0},"north":{"uv":[4.75,9.875,5.0,10.0],"rotation":0,"texture":"#0","tintindex":0},"south":{"uv":[1.625,12.25,1.75,12.375],"rotation":0,"texture":"#0","tintindex":0},"up":{"uv":[10.5,2.375,10.375,2.125],"rotation":0,"texture":"#0","tintindex":0},"west":{"uv":[4.75,9.875,5.0,10.0],"rotation":0,"texture":"#0","tintindex":0}}},{"name":"box24","from":[7.390374,3.3223114,3.724011],"to":[8.0630865,4.056179,4.7025013],"rotation":{"angle":0.0,"axis":"x","origin":[15.707546,18.611229,-4.2262273]},"faces":{"down":{"uv":[9.75,4.75,9.625,5.0],"rotation":0,"texture":"#0","tintindex":0},"east":{"uv":[7.25,4.5,7.5,4.625],"rotation":0,"texture":"#0","tintindex":0},"north":{"uv":[9.125,12.0,9.25,12.125],"rotation":0,"texture":"#0","tintindex":0},"south":{"uv":[9.25,12.0,9.375,12.125],"rotation":0,"texture":"#0","tintindex":0},"up":{"uv":[1.5,11.875,1.625,12.0],"rotation":0,"texture":"#0","tintindex":0},"west":{"uv":[7.5,4.5,7.75,4.625],"rotation":0,"texture":"#0","tintindex":0}}},{"name":"box24","from":[8.124243,3.3223114,3.4793885],"to":[8.796955,4.056179,4.7025013],"rotation":{"angle":0.0,"axis":"x","origin":[16.93066,18.611229,-4.2262273]},"faces":{"down":{"uv":[9.625,8.125,9.5,8.375],"rotation":0,"texture":"#0","tintindex":0},"east":{"uv":[5.75,4.625,6.0,4.75],"rotation":0,"texture":"#0","tintindex":0},"north":{"uv":[1.5,12.0,1.625,12.125],"rotation":0,"texture":"#0","tintindex":0},"south":{"uv":[3.5,12.0,3.625,12.125],"rotation":0,"texture":"#0","tintindex":0},"up":{"uv":[1.5,11.875,1.625,12.0],"rotation":0,"texture":"#0","tintindex":0},"west":{"uv":[6.0,4.625,6.25,4.75],"rotation":0,"texture":"#0","tintindex":0}}},{"name":"box24","from":[8.185398,3.0776887,2.3785863],"to":[8.703387,3.5956774,3.724011],"rotation":{"angle":-22.5,"axis":"x","origin":[18.153774,3.2,2.74552]},"faces":{"down":{"uv":[4.75,9.875,5.0,10.0],"rotation":0,"texture":"#0","tintindex":0},"east":{"uv":[4.75,9.875,5.0,10.0],"rotation":0,"texture":"#0","tintindex":0},"north":{"uv":[4.75,9.875,5.0,10.0],"rotation":0,"texture":"#0","tintindex":0},"south":{"uv":[0.625,12.25,0.75,12.375],"rotation":0,"texture":"#0","tintindex":0},"up":{"uv":[10.5,2.375,10.375,2.125],"rotation":0,"texture":"#0","tintindex":0},"west":{"uv":[4.75,9.875,5.0,10.0],"rotation":0,"texture":"#0","tintindex":0}}},{"name":"box25","from":[9.041578,2.955377,2.6232085],"to":[9.5595665,3.473366,3.9686337],"rotation":{"angle":-22.5,"axis":"x","origin":[19.376888,3.2,2.74552]},"faces":{"down":{"uv":[4.75,9.875,5.0,10.0],"rotation":0,"texture":"#0","tintindex":0},"east":{"uv":[4.75,9.875,5.0,10.0],"rotation":0,"texture":"#0","tintindex":0},"north":{"uv":[4.75,9.875,5.0,10.0],"rotation":0,"texture":"#0","tintindex":0},"south":{"uv":[2.625,12.25,2.75,12.375],"rotation":0,"texture":"#0","tintindex":0},"up":{"uv":[10.5,2.375,10.375,2.125],"rotation":0,"texture":"#0","tintindex":0},"west":{"uv":[4.75,9.875,5.0,10.0],"rotation":0,"texture":"#0","tintindex":0}}},{"name":"box25","from":[8.980422,3.3223114,3.724011],"to":[9.653135,4.056179,4.7025013],"rotation":{"angle":0.0,"axis":"x","origin":[18.153774,18.611229,-4.2262273]},"faces":{"down":{"uv":[9.875,8.375,9.75,8.625],"rotation":0,"texture":"#0","tintindex":0},"east":{"uv":[8.875,8.5,9.125,8.625],"rotation":0,"texture":"#0","tintindex":0},"north":{"uv":[1.375,12.125,1.5,12.25],"rotation":0,"texture":"#0","tintindex":0},"south":{"uv":[1.5,12.125,1.625,12.25],"rotation":0,"texture":"#0","tintindex":0},"up":{"uv":[1.5,11.875,1.625,12.0],"rotation":0,"texture":"#0","tintindex":0},"west":{"uv":[9.0,4.5,9.25,4.625],"rotation":0,"texture":"#0","tintindex":0}}},{"name":"box26","from":[9.714291,3.3223114,3.9686337],"to":[10.387003,4.056179,4.7025013],"rotation":{"angle":0.0,"axis":"x","origin":[19.376888,18.611229,-4.2262273]},"faces":{"down":{"uv":[12.25,4.25,12.125,4.375],"rotation":0,"texture":"#0","tintindex":0},"east":{"uv":[12.125,3.75,12.25,3.875],"rotation":0,"texture":"#0","tintindex":0},"north":{"uv":[12.125,3.625,12.25,3.75],"rotation":0,"texture":"#0","tintindex":0},"south":{"uv":[12.125,3.875,12.25,4.0],"rotation":0,"texture":"#0","tintindex":0},"up":{"uv":[1.5,11.875,1.625,12.0],"rotation":0,"texture":"#0","tintindex":0},"west":{"uv":[12.125,4.0,12.25,4.125],"rotation":0,"texture":"#0","tintindex":0}}},{"name":"box26","from":[9.775446,3.3223114,2.8678317],"to":[10.293434,3.8402998,4.2132564],"rotation":{"angle":-22.5,"axis":"x","origin":[20.600002,3.2,3.9686337]},"faces":{"down":{"uv":[4.75,9.875,5.0,10.0],"rotation":0,"texture":"#0","tintindex":0},"east":{"uv":[4.75,9.875,5.0,10.0],"rotation":0,"texture":"#0","tintindex":0},"north":{"uv":[4.75,9.875,5.0,10.0],"rotation":0,"texture":"#0","tintindex":0},"south":{"uv":[4.25,12.25,4.375,12.375],"rotation":0,"texture":"#0","tintindex":0},"up":{"uv":[10.5,2.375,10.375,2.125],"rotation":0,"texture":"#0","tintindex":0},"west":{"uv":[4.75,9.875,5.0,10.0],"rotation":0,"texture":"#0","tintindex":0}}}],"display":{"head":{"translation":[0.0,-6.4,0.0],"rotation":[0.0,0.0,0.0],