{"textures":{"0":"modelengine:entity/bearmeg"},"elements":[{"name":"box2","from":[5.6895723,3.7701428,5.9900475],"to":[10.164333,8.051041,10.464808],"rotation":{"angle":0.0,"axis":"x","origin":[2.8764112,13.188116,-6.241088]},"faces":{"down":{"uv":[0.875,10.25,0.0,11.125],"rotation":0,"texture":"#0","tintindex":0},"east":{"uv":[0.875,10.25,0.0,11.125],"rotation":0,"texture":"#0","tintindex":0},"north":{"uv":[0.875,10.25,0.0,11.125],"rotation":0,"texture":"#0","tintindex":0},"south":{"uv":[0.875,10.25,0.0,11.125],"rotation":0,"texture":"#0","tintindex":0},"up":{"uv":[11.125,11.375,10.5,12.25],"rotation":0,"texture":"#0","tintindex":0},"west":{"uv":[0.0,10.25,0.875,11.125],"rotation":0,"texture":"#0","tintindex":0}}}],"display":{"head":{"translation":[0.0,-6.4,0.0],"rotation":[0.0,0.0,0.0],"scale":[3.8095,3.8095,3.8095]}}}