{"textures":{"0":"modelengine:entity/bearmeg"},"elements":[{"name":"box1","from":[6.0862436,1.8035356,5.7517014],"to":[10.043016,8.206535,9.708473],"rotation":{"angle":0.0,"axis":"x","origin":[8.16254,8.439752,5.751792]},"faces":{"down":{"uv":[0.875,10.25,0.0,11.125],"rotation":0,"texture":"#0","tintindex":0},"east":{"uv":[10.625,5.375,9.75,6.75],"rotation":0,"texture":"#0","tintindex":0},"north":{"uv":[10.625,5.375,9.75,6.75],"rotation":0,"texture":"#0","tintindex":0},"south":{"uv":[9.75,5.375,10.625,6.75],"rotation":0,"texture":"#0","tintindex":0},"up":{"uv":[11.125,11.375,10.5,12.25],"rotation":0,"texture":"#0","tintindex":0},"west":{"uv":[9.75,5.375,10.625,6.75],"rotation":0,"texture":"#0","tintindex":0}}}],"display":{"head":{"translation":[0.0,-6.4,0.0],"rotation":[0.0,0.0,0.0],"scale":[3.8095,3.8095,3.8095]}}}