{"textures":{"0":"modelengine:entity/bearmeg"},"elements":[{"name":"box21","from":[6.185071,7.1110816,3.6940584],"to":[6.70306,7.6290703,5.0394826],"rotation":{"angle":-22.5,"axis":"x","origin":[14.808022,6.9887705,4.79486]},"faces":{"down":{"uv":[4.75,9.875,5.0,10.0],"rotation":0,"texture":"#0","tintindex":0},"east":{"uv":[4.75,9.875,5.0,10.0],"rotation":0,"texture":"#0","tintindex":0},"north":{"uv":[4.75,9.875,5.0,10.0],"rotation":0,"texture":"#0","tintindex":0},"south":{"uv":[12.125,5.25,12.25,5.375],"rotation":0,"texture":"#0","tintindex":0},"up":{"uv":[10.5,2.375,10.375,2.125],"rotation":0,"texture":"#0","tintindex":0},"west":{"uv":[4.75,9.875,5.0,10.0],"rotation":0,"texture":"#0","tintindex":0}}},{"name":"box21","from":[6.1361465,7.1110816,4.79486],"to":[6.7477036,7.8449497,5.5287285],"rotation":{"angle":0.0,"axis":"x","origin":[13.5849085,22.400002,-3.4000006]},"faces":{"down":{"uv":[12.25,4.25,12.125,4.375],"rotation":0,"texture":"#0","tintindex":0},"east":{"uv":[1.5,11.875,1.625,12.0],"rotation":0,"texture":"#0","tintindex":0},"north":{"uv":[9.375,8.5,9.5,8.625],"rotation":0,"texture":"#0","tintindex":0},"south":{"uv":[10.375,9.75,10.5,9.875],"rotation":0,"texture":"#0","tintindex":0},"up":{"uv":[1.5,11.875,1.625,12.0],"rotation":0,"texture":"#0","tintindex":0},"west":{"uv":[5.875,11.0,6.0,11.125],"rotation":0,"texture":"#0","tintindex":0}}},{"name":"box1","from":[6.1239157,6.7441473,5.161794],"to":[9.793257,7.967261,8.219578],"rotation":{"angle":0.0,"axis":"x","origin":[13.5849085,22.400002,5.161794]},"faces":{"down":{"uv":[11.5,2.875,12.25,3.5],"rotation":0,"texture":"#0","tintindex":0},"east":{"uv":[5.125,12.0,5.875,12.375],"rotation":0,"texture":"#0","tintindex":0},"north":{"uv":[5.125,12.0,5.875,12.375],"rotation":0,"texture":"#0","tintindex":0},"south":{"uv":[5.125,12.0,5.875,12.375],"rotation":0,"texture":"#0","tintindex":0},"up":{"uv":[11.375,10.5,10.5,9.75],"rotation":0,"texture":"#0","tintindex":0},"west":{"uv":[5.125,12.0,5.875,12.375],"rotation":0,"texture":"#0","tintindex":0}}},{"name":"box22","from":[6.857784,7.1110816,4.550237],"to":[7.530496,7.8449497,5.5287285],"rotation":{"angle":0.0,"axis":"x","origin":[14.808022,22.400002,-3.4000006]},"faces":{"down":{"uv":[12.25,4.25,12.125,4.375],"rotation":0,"texture":"#0","tintindex":0},"east":{"uv":[6.5,4.625,6.75,4.75],"rotation":0,"texture":"#0","tintindex":0},"north":{"uv":[5.875,12.0,6.0,12.125],"rotation":0,"texture":"#0","tintindex":0},"south":{"uv":[6.0,12.0,6.125,12.125],"rotation":0,"texture":"#0","tintindex":0},"up":{"uv":[1.5,11.875,1.625,12.0],"rotation":0,"texture":"#0","tintindex":0},"west":{"uv":[6.75,4.625,7.0,4.75],"rotation":0,"texture":"#0","tintindex":0}}},{"name":"box22","from":[6.9189396,7.2333927,3.5717463],"to":[7.436928,7.7513814,4.9171715],"rotation":{"angle":-22.5,"axis":"x","origin":[16.031136,6.9887705,4.79486]},"faces":{"down":{"uv":[4.75,9.875,5.0,10.0],"rotation":0,"texture":"#0","tintindex":0},"east":{"uv":[4.75,9.875,5.0,10.0],"rotation":0,"texture":"#0","tintindex":0},"north":{"uv":[4.75,9.875,5.0,10.0],"rotation":0,"texture":"#0","tintindex":0},"south":{"uv":[1.125,12.25,1.25,12.375],"rotation":0,"texture":"#0","tintindex":0},"up":{"uv":[10.5,2.375,10.375,2.125],"rotation":0,"texture":"#0","tintindex":0},"west":{"uv":[4.75,9.875,5.0,10.0],"rotation":0,"texture":"#0","tintindex":0}}},{"name":"box22","from":[7.652807,6.866459,3.204812],"to":[8.170796,7.3844476,4.550237],"rotation":{"angle":-22.5,"axis":"x","origin":[17.25425,6.9887705,3.5717463]},"faces":{"down":{"uv":[4.75,9.875,5.0,10.0],"rotation":0,"texture":"#0","tintindex":0},"east":{"uv":[4.75,9.875,5.0,10.0],"rotation":0,"texture":"#0","tintindex":0},"north":{"uv":[4.75,9.875,5.0,10.0],"rotation":0,"texture":"#0","tintindex":0},"south":{"uv":[12.125,10.875,12.25,11.0],"rotation":0,"texture":"#0","tintindex":0},"up":{"uv":[10.5,2.375,10.375,2.125],"rotation":0,"texture":"#0","tintindex":0},"west":{"uv":[4.75,9.875,5.0,10.0],"rotation":0,"texture":"#0","tintindex":0}}},{"name":"box22","from":[7.591652,7.1110816,4.3056145],"to":[8.264364,7.8449497,5.5287285],"rotation":{"angle":0.0,"axis":"x","origin":[16.031136,22.400002,-3.4000006]},"faces":{"down":{"uv":[12.25,4.25,12.125,4.375],"rotation":0,"texture":"#0","tintindex":0},"east":{"uv":[4.75,4.625,5.0,4.75],"rotation":0,"texture":"#0","tintindex":0},"north":{"uv":[10.375,11.875,10.5,12.0],"rotation":0,"texture":"#0","tintindex":0},"south":{"uv":[11.875,6.375,12.0,6.5],"rotation":0,"texture":"#0","tintindex":0},"up":{"uv":[1.5,11.875,1.625,12.0],"rotation":0,"texture":"#0","tintindex":0},"west":{"uv":[5.0,4.625,5.25,4.75],"rotation":0,"texture":"#0","tintindex":0}}},{"name":"box23","from":[8.32552,7.1110816,4.550237],"to":[8.998232,7.8449497,5.5287285],"rotation":{"angle":0.0,"axis":"x","origin":[17.25425,22.400002,-3.4000006]},"faces":{"down":{"uv":[12.25,4.25,12.125,4.375],"rotation":0,"texture":"#0","tintindex":0},"east":{"uv":[8.25,4.5,8.5,4.625],"rotation":0,"texture":"#0","tintindex":0},"north":{"uv":[10.25,12.0,10.375,12.125],"rotation":0,"texture":"#0","tintindex":0},"south":{"uv":[10.375,12.0,10.5,12.125],"rotation":0,"texture":"#0","tintindex":0},"up":{"uv":[1.5,11.875,1.625,12.0],"rotation":0,"texture":"#0","tintindex":0},"west":{"uv":[8.5,4.5,8.75,4.625],"rotation":0,"texture":"#0","tintindex":0}}},{"name":"box23","from":[8.386675,6.7441473,3.4494352],"to":[8.904664,7.262136,4.79486],"rotation":{"angle":-22.5,"axis":"x","origin":[18.477362,6.9887705,3.5717463]},"faces":{"down":{"uv":[4.75,9.875,5.0,10.0],"rotation":0,"texture":"#0","tintindex":0},"east":{"uv":[4.75,9.875,5.0,10.0],"rotation":0,"texture":"#0","tintindex":0},"north":{"uv":[4.75,9.875,5.0,10.0],"rotation":0,"texture":"#0","tintindex":0},"south":{"uv":[2.125,12.25,2.25,12.375],"rotation":0,"texture":"#0","tintindex":0},"up":{"uv":[10.5,2.375,10.375,2.125],"rotation":0,"texture":"#0","tintindex":0},"west":{"uv":[4.75,9.875,5.0,10.0],"rotation":0,"texture":"#0","tintindex":0}}},{"name":"box24","from":[9.1205435,7.1110816,3.6940584],"to":[9.638533,7.6290703,5.0394826],"rotation":{"angle":-22.5,"axis":"x","origin":[19.700474,6.9887705,4.79486]},"faces":{"down":{"uv":[4.75,9.875,5.0,10.0],"rotation":0,"texture":"#0","tintindex":0},"east":{"uv":[4.75,9.875,5.0,10.0],"rotation":0,"texture":"#0","tintindex":0},"north":{"uv":[4.75,9.875,5.0,10.0],"rotation":0,"texture":"#0","tintindex":0},"south":{"uv":[3.125,12.25,3.25,12.375],"rotation":0,"texture":"#0","tintindex":0},"up":{"uv":[10.5,2.375,10.375,2.125],"rotation":0,"texture":"#0","tintindex":0},"west":{"uv":[4.75,9.875,5.0,10.0],"rotation":0,"texture":"#0","tintindex":0}}},{"name":"box24","from":[9.059388,7.1110816,4.79486],"to":[9.7321005,7.8449497,5.5287285],"rotation":{"angle":0.0,"axis":"x","origin":[18.477362,22.400002,-3.4000006]},"faces":{"down":{"uv":[12.25,4.25,12.125,4.375],"rotation":0,"texture":"#0","tintindex":0},"east":{"uv":[1.5,11.875,1.625,12.0],"rotation":0,"texture":"#0","tintindex":0},"north":{"uv":[4.375,12.125,4.5,12.25],"rotation":0,"texture":"#0","tintindex":0},"south":{"uv":[6.0,12.125,6.125,12.25],"rotation":0,"texture":"#0","tintindex":0},"up":{"uv":[1.5,11.875,1.625,12.0],"rotation":0,"texture":"#0","tintindex":0},"west":{"uv":[6.125,12.125,6.25,12.25],"rotation":0,"texture":"#0","tintindex":0}}}],"display":{"head":{"translation":[0.0,-6.4,0.0],"rotation":[0.0,0.0,0.0],"scale":[3.8095,3.8095,3.8095]}}}