{"file_name":"head","texture_size":[128,128],"textures":{"6d0cfa39-1e1f-0736-d588-c8dda1046d5e":"modelengine:entity/dragon_statue"},"elements":[{"name":"cube","from":[7.1,19.1,0.19999981],"to":[8.9,20.3,2.6],"rotation":{"angle":0.0,"axis":"x","origin":[8.0,8.0,8.0]},"faces":{"down":{"uv":[0.75,9.75,0.375,10.25],"rotation":0,"texture":"#6d0cfa39-1e1f-0736-d588-c8dda1046d5e","tintindex":0},"east":{"uv":[10.0,2.625,10.5,2.875],"rotation":0,"texture":"#6d0cfa39-1e1f-0736-d588-c8dda1046d5e","tintindex":0},"north":{"uv":[10.25,3.75,10.625,4.0],"rotation":0,"texture":"#6d0cfa39-1e1f-0736-d588-c8dda1046d5e","tintindex":0},"south":{"uv":[10.25,4.0,10.625,4.25],"rotation":0,"texture":"#6d0cfa39-1e1f-0736-d588-c8dda1046d5e","tintindex":0},"up":{"uv":[0.375,10.25,0.0,9.75],"rotation":0,"texture":"#6d0cfa39-1e1f-0736-d588-c8dda1046d5e","tintindex":0},"west":{"uv":[10.0,4.25,10.5,4.5],"rotation":0,"texture":"#6d0cfa39-1e1f-0736-d588-c8dda1046d5e","tintindex":0}}},{"name":"cube","from":[6.5,19.400002,1.6999998],"to":[7.1,21.2,2.2999997],"rotation":{"angle":0.0,"axis":"x","origin":[8.0,8.0,8.0]},"faces":{"down":{"uv":[11.125,3.0,11.0,3.125],"rotation":0,"texture":"#6d0cfa39-1e1f-0736-d588-c8dda1046d5e","tintindex":0},"east":{"uv":[10.75,3.625,10.875,4.0],"rotation":0,"texture":"#6d0cfa39-1e1f-0736-d588-c8dda1046d5e","tintindex":0},"north":{"uv":[10.75,3.25,10.875,3.625],"rotation":0,"texture":"#6d0cfa39-1e1f-0736-d588-c8dda1046d5e","tintindex":0},"south":{"uv":[3.75,10.75,3.875,11.125],"rotation":0,"texture":"#6d0cfa39-1e1f-0736-d588-c8dda1046d5e","tintindex":0},"up":{"uv":[11.125,3.0,11.0,2.875],"rotation":0,"texture":"#6d0cfa39-1e1f-0736-d588-c8dda1046d5e","tintindex":0},"west":{"uv":[3.875,10.75,4.0,11.125],"rotation":0,"texture":"#6d0cfa39-1e1f-0736-d588-c8dda1046d5e","tintindex":0}}},{"name":"cube","from":[8.9,19.400002,1.6999998],"to":[9.5,21.2,2.2999997],"rotation":{"angle":0.0,"axis":"x","origin":[8.0,8.0,8.0]},"faces":{"down":{"uv":[9.125,4.75,9.0,4.875],"rotation":0,"texture":"#6d0cfa39-1e1f-0736-d588-c8dda1046d5e","tintindex":0},"east":{"uv":[10.625,7.375,10.75,7.75],"rotation":0,"texture":"#6d0cfa39-1e1f-0736-d588-c8dda1046d5e","tintindex":0},"north":{"uv":[5.875,7.125,6.0,7.5],"rotation":0,"texture":"#6d0cfa39-1e1f-0736-d588-c8dda1046d5e","tintindex":0},"south":{"uv":[10.625,8.25,10.75,8.625],"rotation":0,"texture":"#6d0cfa39-1e1f-0736-d588-c8dda1046d5e","tintindex":0},"up":{"uv":[9.0,8.625,8.875,8.5],"rotation":0,"texture":"#6d0cfa39-1e1f-0736-d588-c8dda1046d5e","tintindex":0},"west":{"uv":[10.625,8.625,10.75,9.0],"rotation":0,"texture":"#6d0cfa39-1e1f-0736-d588-c8dda1046d5e","tintindex":0}}}],"display":{"head":{"translation":[0.0,-6.4,0.0],"rotation":[0.0,0.0,0.0],"scale":[3.8095,3.8095,3.8095]},"gui":{"translation":[0.0,0.0,0.0],"rotation":[35.0,225.0,0.0],"scale":[0.625,0.625,0.625]}}}