{"textures":{"0":"modelengine:entity/dragon_statue"},"elements":[{"name":"cube","from":[12.949272,9.824468,8.805534],"to":[13.549273,11.624468,10.005534],"rotation":{"angle":22.5,"axis":"z","origin":[9.349273,-5.1755333,11.205534]},"faces":{"down":{"uv":[10.0,10.75,9.875,11.0],"rotation":0,"texture":"#0","tintindex":0},"east":{"uv":[10.375,7.375,10.625,7.75],"rotation":0,"texture":"#0","tintindex":0},"north":{"uv":[1.0,10.75,1.125,11.125],"rotation":0,"texture":"#0","tintindex":0},"south":{"uv":[1.125,10.75,1.25,11.125],"rotation":0,"texture":"#0","tintindex":0},"up":{"uv":[10.875,10.0,10.75,9.75],"rotation":0,"texture":"#0","tintindex":0},"west":{"uv":[10.375,8.5,10.625,8.875],"rotation":0,"texture":"#0","tintindex":0}}},{"name":"cube","from":[12.949272,6.8244677,7.605534],"to":[13.549273,11.624468,8.805534],"rotation":{"angle":22.5,"axis":"z","origin":[9.349273,-5.1755333,11.205534]},"faces":{"down":{"uv":[10.875,5.625,10.75,5.875],"rotation":0,"texture":"#0","tintindex":0},"east":{"uv":[8.0,9.25,8.25,10.25],"rotation":0,"texture":"#0","tintindex":0},"north":{"uv":[0.75,10.25,0.875,11.25],"rotation":0,"texture":"#0","tintindex":0},"south":{"uv":[0.875,10.25,1.0,11.25],"rotation":0,"texture":"#0","tintindex":0},"up":{"uv":[10.875,4.25,10.75,4.0],"rotation":0,"texture":"#0","tintindex":0},"west":{"uv":[8.25,9.25,8.5,10.25],"rotation":0,"texture":"#0","tintindex":0}}}],"display":{"head":{"translation":[0.0,-6.4,0.0],"rotation":[0.0,0.0,0.0],"scale":[3.8095,3.8095,3.8095]}}}