{"textures":{"0":"modelengine:entity/dragon_statue"},"elements":[{"name":"cube","from":[-2.236237,7.5800076,8.0],"to":[-1.6362371,11.180008,9.2],"rotation":{"angle":-45.0,"axis":"z","origin":[3.1637626,-3.819993,10.4]},"faces":{"down":{"uv":[10.875,10.25,10.75,10.5],"rotation":0,"texture":"#0","tintindex":0},"east":{"uv":[4.25,9.875,4.5,10.625],"rotation":0,"texture":"#0","tintindex":0},"north":{"uv":[7.625,10.375,7.75,11.125],"rotation":0,"texture":"#0","tintindex":0},"south":{"uv":[10.375,8.875,10.5,9.625],"rotation":0,"texture":"#0","tintindex":0},"up":{"uv":[10.875,10.25,10.75,10.0],"rotation":0,"texture":"#0","tintindex":0},"west":{"uv":[4.5,9.875,4.75,10.625],"rotation":0,"texture":"#0","tintindex":0}}},{"name":"cube","from":[-2.236237,7.5800076,9.2],"to":[-1.6362371,12.980008,11.6],"rotation":{"angle":-45.0,"axis":"z","origin":[3.1637626,-3.819993,10.4]},"faces":{"down":{"uv":[10.625,6.625,10.5,7.125],"rotation":0,"texture":"#0","tintindex":0},"east":{"uv":[1.0,7.75,1.5,8.875],"rotation":0,"texture":"#0","tintindex":0},"north":{"uv":[0.25,10.25,0.375,11.375],"rotation":0,"texture":"#0","tintindex":0},"south":{"uv":[0.375,10.25,0.5,11.375],"rotation":0,"texture":"#0","tintindex":0},"up":{"uv":[10.625,6.625,10.5,6.125],"rotation":0,"texture":"#0","tintindex":0},"west":{"uv":[8.25,1.875,8.75,3.0],"rotation":0,"texture":"#0","tintindex":0}}},{"name":"cube","from":[-2.236237,11.180008,13.400001],"to":[-1.6362371,15.380009,14.6],"rotation":{"angle":-45.0,"axis":"z","origin":[3.1637626,-3.819993,10.4]},"faces":{"down":{"uv":[10.875,8.5,10.75,8.75],"rotation":0,"texture":"#0","tintindex":0},"east":{"uv":[5.5,9.625,5.75,10.5],"rotation":0,"texture":"#0","tintindex":0},"north":{"uv":[8.125,10.25,8.25,11.125],"rotation":0,"texture":"#0","tintindex":0},"south":{"uv":[8.25,10.25,8.375,11.125],"rotation":0,"texture":"#0","tintindex":0},"up":{"uv":[10.875,8.5,10.75,8.25],"rotation":0,"texture":"#0","tintindex":0},"west":{"uv":[7.0,9.625,7.25,10.5],"rotation":0,"texture":"#0","tintindex":0}}},{"name":"cube","from":[-2.836237,14.180008,13.400001],"to":[-2.236237,15.380009,15.8],"rotation":{"angle":-45.0,"axis":"z","origin":[3.1637626,-3.819993,10.4]},"faces":{"down":{"uv":[4.375,10.625,4.25,11.125],"rotation":0,"texture":"#0","tintindex":0},"east":{"uv":[10.125,8.25,10.625,8.5],"rotation":0,"texture":"#0","tintindex":0},"north":{"uv":[10.875,7.375,11.0,7.625],"rotation":0,"texture":"#0","tintindex":0},"south":{"uv":[10.875,8.25,11.0,8.5],"rotation":0,"texture":"#0","tintindex":0},"up":{"uv":[10.75,4.25,10.625,3.75],"rotation":0,"texture":"#0","tintindex":0},"west":{"uv":[10.25,3.0,10.75,3.25],"rotation":0,"texture":"#0","tintindex":0}}},{"name":"cube","from":[-2.836237,12.980008,11.6],"to":[-2.236237,14.180008,13.400001],"rotation":{"angle":-45.0,"axis":"z","origin":[3.1637626,-3.819993,10.4]},"faces":{"down":{"uv":[3.25,10.75,3.125,11.125],"rotation":0,"texture":"#0","tintindex":0},"east":{"uv":[3.75,10.5,4.125,10.75],"rotation":0,"texture":"#0","tintindex":0},"north":{"uv":[10.875,6.625,11.0,6.875],"rotation":0,"texture":"#0","tintindex":0},"south":{"uv":[10.875,6.875,11.0,7.125],"rotation":0,"texture":"#0","tintindex":0},"up":{"uv":[3.125,11.125,3.0,10.75],"rotation":0,"texture":"#0","tintindex":0},"west":{"uv":[10.5,4.25,10.875,4.5],"rotation":0,"texture":"#0","tintindex":0}}},{"name":"cube","from":[-2.836237,11.780007,10.4],"to":[-2.236237,12.980008,11.6],"rotation":{"angle":-45.0,"axis":"z","origin":[3.1637626,-3.819993,10.4]},"faces":{"down":{"uv":[11.0,6.375,10.875,6.625],"rotation":0,"texture":"#0","tintindex":0},"east":{"uv":[10.625,1.125,10.875,1.375],"rotation":0,"texture":"#0","tintindex":0},"north":{"uv":[10.875,5.625,11.0,5.875],"rotation":0,"texture":"#0","tintindex":0},"south":{"uv":[10.875,5.875,11.0,6.125],"rotation":0,"texture":"#0","tintindex":0},"up":{"uv":[11.0,6.375,10.875,6.125],"rotation":0,"texture":"#0","tintindex":0},"west":{"uv":[10.625,2.25,10.875,2.5],"rotation":0,"texture":"#0","tintindex":0}}},{"name":"cube","from":[-2.836237,11.180008,9.2],"to":[-2.236237,12.980008,10.4],"rotation":{"angle":-45.0,"axis":"z","origin":[3.1637626,-3.819993,10.4]},"faces":{"down":{"uv":[5.75,10.875,5.625,11.125],"rotation":0,"texture":"#0","tintindex":0},"east":{"uv":[10.5,2.5,10.75,2.875],"rotation":0,"texture":"#0","tintindex":0},"north":{"uv":[2.875,10.75,3.0,11.125],"rotation":0,"texture":"#0","tintindex":0},"south":{"uv":[10.75,2.875,10.875,3.25],"rotation":0,"texture":"#0","tintindex":0},"up":{"uv":[5.625,11.125,5.5,10.875],"rotation":0,"texture":"#0","tintindex":0},"west":{"uv":[3.5,10.5,3.75,10.875],"rotation":0,"texture":"#0","tintindex":0}}},{"name":"cube","from":[-2.836237,7.5800076,8.0],"to":[-2.236237,11.180008,9.2],"rotation":{"angle":-45.0,"axis":"z","origin":[3.1637626,-3.819993,10.4]},"faces":{"down":{"uv":[5.5,10.875,5.375,11.125],"rotation":0,"texture":"#0","tintindex":0},"east":{"uv":[2.75,10.0,3.0,10.75],"rotation":0,"texture":"#0","tintindex":0},"north":{"uv":[10.5,1.75,10.625,2.5],"rotation":0,"texture":"#0","tintindex":0},"south":{"uv":[1.875,10.5,2.0,11.25],"rotation":0,"texture":"#0","tintindex":0},"up":{"uv":[5.375,11.125,5.25,10.875],"rotation":0,"texture":"#0","tintindex":0},"west":{"uv":[3.0,10.0,3.25,10.75],"rotation":0,"texture":"#0","tintindex":0}}},{"name":"cube","from":[-2.236237,9.980007,11.6],"to":[-1.6362371,14.180008,13.400001],"rotation":{"angle":-45.0,"axis":"z","origin":[3.1637626,-3.819993,10.4]},"faces":{"down":{"uv":[10.75,9.375,10.625,9.75],"rotation":0,"texture":"#0","tintindex":0},"east":{"uv":[2.75,8.75,3.125,9.625],"rotation":0,"texture":"#0","tintindex":0},"north":{"uv":[7.875,10.25,8.0,11.125],"rotation":0,"texture":"#0","tintindex":0},"south":{"uv":[8.0,10.25,8.125,11.125],"rotation":0,"texture":"#0","tintindex":0},"up":{"uv":[10.75,9.375,10.625,9.0],"rotation":0,"texture":"#0","tintindex":0},"west":{"uv":[3.125,8.75,3.5,9.625],"rotation":0,"texture":"#0","tintindex":0}}},{"name":"cube","from":[-2.236237,7.5800076,7.4],"to":[-1.6362371,9.980007,8.0],"rotation":{"angle":-45.0,"axis":"z","origin":[3.1637626,-3.819993,10.4]},"faces":{"down":{"uv":[10.625,1.375,10.5,1.5],"rotation":0,"texture":"#0","tintindex":0},"east":{"uv":[5.0,10.625,5.125,11.125],"rotation":0,"texture":"#0","tintindex":0},"north":{"uv":[4.875,10.625,5.0,11.125],"rotation":0,"texture":"#0","tintindex":0},"south":{"uv":[5.125,10.625,5.25,11.125],"rotation":0,"texture":"#0","tintindex":0},"up":{"uv":[10.625,0.875,10.5,0.75],"rotation":0,"texture":"#0","tintindex":0},"west":{"uv":[10.625,5.625,10.75,6.125],"rotation":0,"texture":"#0","tintindex":0}}}],"display":{"head":{"translation":[0.0,-6.4,0.0],"rotation":[0.0,0.0,0.0],"scale":[3.8095,3.8095,3.8095]}}}