{"file_name":"right_wing_base","texture_size":[128,128],"textures":{"6d0cfa39-1e1f-0736-d588-c8dda1046d5e":"modelengine:entity/dragon_statue"},"elements":[{"name":"cube","from":[2.1487873,9.82448,9.142557],"to":[2.7487874,11.62448,10.342557],"rotation":{"angle":-22.5,"axis":"z","origin":[6.3487873,-5.175521,11.542557]},"faces":{"down":{"uv":[10.875,9.5,10.75,9.75],"rotation":0,"texture":"#6d0cfa39-1e1f-0736-d588-c8dda1046d5e","tintindex":0},"east":{"uv":[5.875,10.375,6.125,10.75],"rotation":0,"texture":"#6d0cfa39-1e1f-0736-d588-c8dda1046d5e","tintindex":0},"north":{"uv":[10.75,0.375,10.875,0.75],"rotation":0,"texture":"#6d0cfa39-1e1f-0736-d588-c8dda1046d5e","tintindex":0},"south":{"uv":[10.75,0.75,10.875,1.125],"rotation":0,"texture":"#6d0cfa39-1e1f-0736-d588-c8dda1046d5e","tintindex":0},"up":{"uv":[10.875,9.5,10.75,9.25],"rotation":0,"texture":"#6d0cfa39-1e1f-0736-d588-c8dda1046d5e","tintindex":0},"west":{"uv":[7.375,10.375,7.625,10.75],"rotation":0,"texture":"#6d0cfa39-1e1f-0736-d588-c8dda1046d5e","tintindex":0}}},{"name":"cube","from":[2.1487873,6.82448,7.942557],"to":[2.7487874,11.62448,9.142557],"rotation":{"angle":-22.5,"axis":"z","origin":[6.3487873,-5.175521,11.542557]},"faces":{"down":{"uv":[4.125,10.75,4.0,11.0],"rotation":0,"texture":"#6d0cfa39-1e1f-0736-d588-c8dda1046d5e","tintindex":0},"east":{"uv":[6.125,9.25,6.375,10.25],"rotation":0,"texture":"#6d0cfa39-1e1f-0736-d588-c8dda1046d5e","tintindex":0},"north":{"uv":[0.5,10.25,0.625,11.25],"rotation":0,"texture":"#6d0cfa39-1e1f-0736-d588-c8dda1046d5e","tintindex":0},"south":{"uv":[0.625,10.25,0.75,11.25],"rotation":0,"texture":"#6d0cfa39-1e1f-0736-d588-c8dda1046d5e","tintindex":0},"up":{"uv":[9.125,7.875,9.0,7.625],"rotation":0,"texture":"#6d0cfa39-1e1f-0736-d588-c8dda1046d5e","tintindex":0},"west":{"uv":[7.75,9.25,8.0,10.25],"rotation":0,"texture":"#6d0cfa39-1e1f-0736-d588-c8dda1046d5e","tintindex":0}}}],"display":{"head":{"translation":[0.0,-6.4,0.0],"rotation":[0.0,0.0,0.0],"scale":[3.8095,3.8095,3.8095]},"gui":{"translation":[0.0,0.0,0.0],"rotation":[35.0,225.0,0.0],"scale":[0.625,0.625,0.625]}}}