{"file_name":"right_wing_mid","texture_size":[128,128],"textures":{"6d0cfa39-1e1f-0736-d588-c8dda1046d5e":"modelengine:entity/dragon_statue"},"elements":[{"name":"cube","from":[7.697575,3.1999998,14.0],"to":[8.297575,8.6,19.400002],"rotation":{"angle":-22.5,"axis":"x","origin":[4.6975746,-8.200001,11.0]},"faces":{"down":{"uv":[0.125,10.25,0.0,11.375],"rotation":0,"texture":"#6d0cfa39-1e1f-0736-d588-c8dda1046d5e","tintindex":0},"east":{"uv":[7.5,3.75,8.625,4.875],"rotation":0,"texture":"#6d0cfa39-1e1f-0736-d588-c8dda1046d5e","tintindex":0},"north":{"uv":[10.125,9.25,10.25,10.375],"rotation":0,"texture":"#6d0cfa39-1e1f-0736-d588-c8dda1046d5e","tintindex":0},"south":{"uv":[9.625,10.125,9.75,11.25],"rotation":0,"texture":"#6d0cfa39-1e1f-0736-d588-c8dda1046d5e","tintindex":0},"up":{"uv":[9.875,11.25,9.75,10.125],"rotation":0,"texture":"#6d0cfa39-1e1f-0736-d588-c8dda1046d5e","tintindex":0},"west":{"uv":[5.25,7.5,6.375,8.625],"rotation":0,"texture":"#6d0cfa39-1e1f-0736-d588-c8dda1046d5e","tintindex":0}}},{"name":"cube","from":[7.7,3.1999998,19.400002],"to":[8.3,7.4,20.600002],"rotation":{"angle":-22.5,"axis":"x","origin":[5.6,-8.200001,11.0]},"faces":{"down":{"uv":[7.625,10.75,7.5,11.0],"rotation":0,"texture":"#6d0cfa39-1e1f-0736-d588-c8dda1046d5e","tintindex":0},"east":{"uv":[4.0,9.625,4.25,10.5],"rotation":0,"texture":"#6d0cfa39-1e1f-0736-d588-c8dda1046d5e","tintindex":0},"north":{"uv":[6.25,10.25,6.375,11.125],"rotation":0,"texture":"#6d0cfa39-1e1f-0736-d588-c8dda1046d5e","tintindex":0},"south":{"uv":[7.75,10.25,7.875,11.125],"rotation":0,"texture":"#6d0cfa39-1e1f-0736-d588-c8dda1046d5e","tintindex":0},"up":{"uv":[10.875,7.625,10.75,7.375],"rotation":0,"texture":"#6d0cfa39-1e1f-0736-d588-c8dda1046d5e","tintindex":0},"west":{"uv":[5.25,9.625,5.5,10.5],"rotation":0,"texture":"#6d0cfa39-1e1f-0736-d588-c8dda1046d5e","tintindex":0}}},{"name":"cube","from":[7.7,3.1999998,20.600002],"to":[8.3,5.6,21.2],"rotation":{"angle":-22.5,"axis":"x","origin":[5.6,-8.200001,11.0]},"faces":{"down":{"uv":[10.25,6.75,10.125,6.875],"rotation":0,"texture":"#6d0cfa39-1e1f-0736-d588-c8dda1046d5e","tintindex":0},"east":{"uv":[9.375,10.5,9.5,11.0],"rotation":0,"texture":"#6d0cfa39-1e1f-0736-d588-c8dda1046d5e","tintindex":0},"north":{"uv":[9.25,10.5,9.375,11.0],"rotation":0,"texture":"#6d0cfa39-1e1f-0736-d588-c8dda1046d5e","tintindex":0},"south":{"uv":[10.5,9.375,10.625,9.875],"rotation":0,"texture":"#6d0cfa39-1e1f-0736-d588-c8dda1046d5e","tintindex":0},"up":{"uv":[10.25,4.25,10.125,4.125],"rotation":0,"texture":"#6d0cfa39-1e1f-0736-d588-c8dda1046d5e","tintindex":0},"west":{"uv":[9.5,10.5,9.625,11.0],"rotation":0,"texture":"#6d0cfa39-1e1f-0736-d588-c8dda1046d5e","tintindex":0}}}],"display":{"head":{"translation":[0.0,-6.4,0.0],"rotation":[0.0,0.0,0.0],"scale":[3.8095,3.8095,3.8095]},"gui":{"translation":[0.0,0.0,0.0],"rotation":[35.0,225.0,0.0],"scale":[0.625,0.625,0.625]}}}