{"file_name":"leftleg2","texture_size":[128,128],"textures":{"ddeb62e6-0d81-5013-14b4-2466ade9c4d2":"modelengine:entity/boar"},"elements":[{"name":"cube","from":[7.26896,8.627465,7.705136],"to":[9.835039,10.124346,10.912736],"rotation":{"angle":45.0,"axis":"x","origin":[8.552,9.307423,6.937871]},"faces":{"down":{"uv":[9.125,12.75,8.625,13.375],"rotation":0,"texture":"#ddeb62e6-0d81-5013-14b4-2466ade9c4d2","tintindex":0},"east":{"uv":[13.625,10.5,14.25,10.75],"rotation":0,"texture":"#ddeb62e6-0d81-5013-14b4-2466ade9c4d2","tintindex":0},"north":{"uv":[13.875,1.25,14.375,1.5],"rotation":0,"texture":"#ddeb62e6-0d81-5013-14b4-2466ade9c4d2","tintindex":0},"south":{"uv":[13.875,1.625,14.375,1.875],"rotation":0,"texture":"#ddeb62e6-0d81-5013-14b4-2466ade9c4d2","tintindex":0},"up":{"uv":[13.25,7.375,12.75,6.75],"rotation":0,"texture":"#ddeb62e6-0d81-5013-14b4-2466ade9c4d2","tintindex":0},"west":{"uv":[13.625,11.375,14.25,11.625],"rotation":0,"texture":"#ddeb62e6-0d81-5013-14b4-2466ade9c4d2","tintindex":0}}},{"name":"cube","from":[7.69664,6.508025,4.94312],"to":[9.40736,9.929465,6.65384],"rotation":{"angle":45.0,"axis":"x","origin":[7.69664,2.7900937,4.44585]},"faces":{"down":{"uv":[14.125,8.375,13.75,8.75],"rotation":0,"texture":"#ddeb62e6-0d81-5013-14b4-2466ade9c4d2","tintindex":0},"east":{"uv":[6.5,12.875,6.875,13.625],"rotation":0,"texture":"#ddeb62e6-0d81-5013-14b4-2466ade9c4d2","tintindex":0},"north":{"uv":[12.875,2.375,13.25,3.125],"rotation":0,"texture":"#ddeb62e6-0d81-5013-14b4-2466ade9c4d2","tintindex":0},"south":{"uv":[13.0,0.0,13.375,0.75],"rotation":0,"texture":"#ddeb62e6-0d81-5013-14b4-2466ade9c4d2","tintindex":0},"up":{"uv":[14.125,8.25,13.75,7.875],"rotation":0,"texture":"#ddeb62e6-0d81-5013-14b4-2466ade9c4d2","tintindex":0},"west":{"uv":[13.0,4.0,13.375,4.75],"rotation":0,"texture":"#ddeb62e6-0d81-5013-14b4-2466ade9c4d2","tintindex":0}}},{"name":"cube","from":[7.4828,5.6127815,5.42745],"to":[9.621201,7.109662,7.3520103],"rotation":{"angle":22.5,"axis":"x","origin":[7.69664,1.9347341,3.5904899]},"faces":{"down":{"uv":[14.0,4.375,13.5,4.75],"rotation":0,"texture":"#ddeb62e6-0d81-5013-14b4-2466ade9c4d2","tintindex":0},"east":{"uv":[2.375,14.0,2.75,14.25],"rotation":0,"texture":"#ddeb62e6-0d81-5013-14b4-2466ade9c4d2","tintindex":0},"north":{"uv":[13.75,13.25,14.25,13.5],"rotation":0,"texture":"#ddeb62e6-0d81-5013-14b4-2466ade9c4d2","tintindex":0},"south":{"uv":[13.75,13.625,14.25,13.875],"rotation":0,"texture":"#ddeb62e6-0d81-5013-14b4-2466ade9c4d2","tintindex":0},"up":{"uv":[14.0,4.25,13.5,3.875],"rotation":0,"texture":"#ddeb62e6-0d81-5013-14b4-2466ade9c4d2","tintindex":0},"west":{"uv":[8.0,14.0,8.375,14.25],"rotation":0,"texture":"#ddeb62e6-0d81-5013-14b4-2466ade9c4d2","tintindex":0}}}],"display":{"head":{"translation":[0.0,-6.4,0.0],"rotation":[0.0,0.0,0.0],"scale":[3.8095,3.8095,3.8095]},"gui":{"translation":[0.0,0.0,0.0],"rotation":[35.0,225.0,0.0],"scale":[0.625,0.625,0.625]}}}