{"file_name":"leftleg","texture_size":[128,128],"textures":{"ddeb62e6-0d81-5013-14b4-2466ade9c4d2":"modelengine:entity/boar"},"elements":[{"name":"cube","from":[6.8400803,6.117536,8.48336],"to":[9.40616,8.683617,11.04944],"rotation":{"angle":-45.0,"axis":"x","origin":[6.42008,5.60432,8.48336]},"faces":{"down":{"uv":[13.625,4.875,13.125,5.375],"rotation":0,"texture":"#ddeb62e6-0d81-5013-14b4-2466ade9c4d2","tintindex":0},"east":{"uv":[11.125,9.5,11.625,10.0],"rotation":0,"texture":"#ddeb62e6-0d81-5013-14b4-2466ade9c4d2","tintindex":0},"north":{"uv":[6.625,7.625,7.125,8.125],"rotation":0,"texture":"#ddeb62e6-0d81-5013-14b4-2466ade9c4d2","tintindex":0},"south":{"uv":[11.75,10.375,12.25,10.875],"rotation":0,"texture":"#ddeb62e6-0d81-5013-14b4-2466ade9c4d2","tintindex":0},"up":{"uv":[13.5,12.375,13.0,11.875],"rotation":0,"texture":"#ddeb62e6-0d81-5013-14b4-2466ade9c4d2","tintindex":0},"west":{"uv":[13.0,10.375,13.5,10.875],"rotation":0,"texture":"#ddeb62e6-0d81-5013-14b4-2466ade9c4d2","tintindex":0}}},{"name":"cube","from":[6.84776,3.68744,6.9864798],"to":[8.98616,8.170401,9.12488],"rotation":{"angle":0.0,"axis":"x","origin":[9.62768,3.03824,6.77264]},"faces":{"down":{"uv":[13.875,2.0,13.375,2.5],"rotation":0,"texture":"#ddeb62e6-0d81-5013-14b4-2466ade9c4d2","tintindex":0},"east":{"uv":[12.5,7.875,13.0,8.75],"rotation":0,"texture":"#ddeb62e6-0d81-5013-14b4-2466ade9c4d2","tintindex":0},"north":{"uv":[7.375,12.5,7.875,13.375],"rotation":0,"texture":"#ddeb62e6-0d81-5013-14b4-2466ade9c4d2","tintindex":0},"south":{"uv":[8.0,12.5,8.5,13.375],"rotation":0,"texture":"#ddeb62e6-0d81-5013-14b4-2466ade9c4d2","tintindex":0},"up":{"uv":[1.25,13.875,0.75,13.375],"rotation":0,"texture":"#ddeb62e6-0d81-5013-14b4-2466ade9c4d2","tintindex":0},"west":{"uv":[12.5,8.875,13.0,9.75],"rotation":0,"texture":"#ddeb62e6-0d81-5013-14b4-2466ade9c4d2","tintindex":0}}}],"display":{"head":{"translation":[0.0,-6.4,0.0],"rotation":[0.0,0.0,0.0],"scale":[3.8095,3.8095,3.8095]},"gui":{"translation":[0.0,0.0,0.0],"rotation":[35.0,225.0,0.0],"scale":[0.625,0.625,0.625]}}}