{"textures":{"0":"modelengine:entity/boar"},"elements":[{"name":"cube","from":[7.0616,3.6317596,6.6689596],"to":[8.55848,8.550079,9.66272],"rotation":{"angle":0.0,"axis":"x","origin":[6.2062397,3.4179196,6.45512]},"faces":{"down":{"uv":[13.875,9.75,13.625,10.375],"rotation":0,"texture":"#0","tintindex":0},"east":{"uv":[11.0,7.125,11.625,8.125],"rotation":0,"texture":"#0","tintindex":0},"north":{"uv":[10.125,13.0,10.375,14.0],"rotation":0,"texture":"#0","tintindex":0},"south":{"uv":[10.5,13.0,10.75,14.0],"rotation":0,"texture":"#0","tintindex":0},"up":{"uv":[13.75,13.125,13.5,12.5],"rotation":0,"texture":"#0","tintindex":0},"west":{"uv":[10.75,11.0,11.375,12.0],"rotation":0,"texture":"#0","tintindex":0}}},{"name":"cube","from":[7.0123997,5.9839993,7.31048],"to":[9.79232,9.405439,10.73192],"rotation":{"angle":-45.0,"axis":"x","origin":[6.2062397,6.8393593,8.16584]},"faces":{"down":{"uv":[12.125,11.875,11.5,12.625],"rotation":0,"texture":"#0","tintindex":0},"east":{"uv":[11.375,0.0,12.125,0.75],"rotation":0,"texture":"#0","tintindex":0},"north":{"uv":[11.75,9.5,12.375,10.25],"rotation":0,"texture":"#0","tintindex":0},"south":{"uv":[11.875,5.875,12.5,6.625],"rotation":0,"texture":"#0","tintindex":0},"up":{"uv":[9.375,12.625,8.75,11.875],"rotation":0,"texture":"#0","tintindex":0},"west":{"uv":[11.375,4.125,12.125,4.875],"rotation":0,"texture":"#0","tintindex":0}}}],"display":{"head":{"translation":[0.0,-6.4,0.0],"rotation":[0.0,0.0,0.0],"scale":[3.8095,3.8095,3.8095]}}}