{"file_name":"leftarm2","texture_size":[128,128],"textures":{"ddeb62e6-0d81-5013-14b4-2466ade9c4d2":"modelengine:entity/boar"},"elements":[{"name":"cube","from":[7.7031198,4.85264,4.4203997],"to":[9.62768,9.343281,6.1311197],"rotation":{"angle":22.5,"axis":"x","origin":[7.91696,1.21736,4.2065597]},"faces":{"down":{"uv":[14.125,5.625,13.75,6.0],"rotation":0,"texture":"#ddeb62e6-0d81-5013-14b4-2466ade9c4d2","tintindex":0},"east":{"uv":[10.25,11.125,10.625,12.0],"rotation":0,"texture":"#ddeb62e6-0d81-5013-14b4-2466ade9c4d2","tintindex":0},"north":{"uv":[5.75,9.75,6.125,10.625],"rotation":0,"texture":"#ddeb62e6-0d81-5013-14b4-2466ade9c4d2","tintindex":0},"south":{"uv":[11.0,12.125,11.375,13.0],"rotation":0,"texture":"#ddeb62e6-0d81-5013-14b4-2466ade9c4d2","tintindex":0},"up":{"uv":[5.5,14.125,5.125,13.75],"rotation":0,"texture":"#ddeb62e6-0d81-5013-14b4-2466ade9c4d2","tintindex":0},"west":{"uv":[12.625,5.75,13.0,6.625],"rotation":0,"texture":"#ddeb62e6-0d81-5013-14b4-2466ade9c4d2","tintindex":0}}},{"name":"cube","from":[7.2754397,3.7834399,5.2757597],"to":[10.055361,4.85264,7.4141603],"rotation":{"angle":0.0,"axis":"x","origin":[7.91696,0.362,3.3512]},"faces":{"down":{"uv":[0.625,12.875,0.0,13.375],"rotation":0,"texture":"#ddeb62e6-0d81-5013-14b4-2466ade9c4d2","tintindex":0},"east":{"uv":[0.5,14.0,1.0,14.25],"rotation":0,"texture":"#ddeb62e6-0d81-5013-14b4-2466ade9c4d2","tintindex":0},"north":{"uv":[13.75,0.875,14.375,1.125],"rotation":0,"texture":"#ddeb62e6-0d81-5013-14b4-2466ade9c4d2","tintindex":0},"south":{"uv":[3.625,13.75,4.25,14.0],"rotation":0,"texture":"#ddeb62e6-0d81-5013-14b4-2466ade9c4d2","tintindex":0},"up":{"uv":[13.375,13.25,12.75,12.75],"rotation":0,"texture":"#ddeb62e6-0d81-5013-14b4-2466ade9c4d2","tintindex":0},"west":{"uv":[1.125,14.0,1.625,14.25],"rotation":0,"texture":"#ddeb62e6-0d81-5013-14b4-2466ade9c4d2","tintindex":0}}},{"name":"cube","from":[7.4892797,3.7834399,7.2003202],"to":[9.84152,4.85264,9.33872],"rotation":{"angle":-22.5,"axis":"x","origin":[7.91696,0.362,5.2757597]},"faces":{"down":{"uv":[13.875,2.625,13.375,3.125],"rotation":0,"texture":"#ddeb62e6-0d81-5013-14b4-2466ade9c4d2","tintindex":0},"east":{"uv":[14.0,2.0,14.5,2.25],"rotation":0,"texture":"#ddeb62e6-0d81-5013-14b4-2466ade9c4d2","tintindex":0},"north":{"uv":[1.75,14.0,2.25,14.25],"rotation":0,"texture":"#ddeb62e6-0d81-5013-14b4-2466ade9c4d2","tintindex":0},"south":{"uv":[14.0,2.375,14.5,2.625],"rotation":0,"texture":"#ddeb62e6-0d81-5013-14b4-2466ade9c4d2","tintindex":0},"up":{"uv":[2.75,13.875,2.25,13.375],"rotation":0,"texture":"#ddeb62e6-0d81-5013-14b4-2466ade9c4d2","tintindex":0},"west":{"uv":[14.0,2.75,14.5,3.0],"rotation":0,"texture":"#ddeb62e6-0d81-5013-14b4-2466ade9c4d2","tintindex":0}}}],"display":{"head":{"translation":[0.0,-6.4,0.0],"rotation":[0.0,0.0,0.0],"scale":[3.8095,3.8095,3.8095]},"gui":{"translation":[0.0,0.0,0.0],"rotation":[35.0,225.0,0.0],"scale":[0.625,0.625,0.625]}}}