{"textures":{"0":"modelengine:entity/boar"},"elements":[{"name":"cube","from":[8.34464,3.68744,6.9864798],"to":[10.48304,8.170401,9.12488],"rotation":{"angle":0.0,"axis":"x","origin":[11.124559,3.03824,6.77264]},"faces":{"down":{"uv":[6.25,13.25,5.75,13.75],"rotation":0,"texture":"#0","tintindex":0},"east":{"uv":[12.375,10.375,12.875,11.25],"rotation":0,"texture":"#0","tintindex":0},"north":{"uv":[9.5,12.375,10.0,13.25],"rotation":0,"texture":"#0","tintindex":0},"south":{"uv":[1.625,12.5,2.125,13.375],"rotation":0,"texture":"#0","tintindex":0},"up":{"uv":[13.75,1.875,13.25,1.375],"rotation":0,"texture":"#0","tintindex":0},"west":{"uv":[4.75,12.5,5.25,13.375],"rotation":0,"texture":"#0","tintindex":0}}},{"name":"cube","from":[7.9246397,6.117536,8.48336],"to":[10.490721,8.683617,11.04944],"rotation":{"angle":-45.0,"axis":"x","origin":[10.910721,5.60432,8.48336]},"faces":{"down":{"uv":[11.375,13.125,10.875,13.625],"rotation":0,"texture":"#0","tintindex":0},"east":{"uv":[13.125,6.125,13.625,6.625],"rotation":0,"texture":"#0","tintindex":0},"north":{"uv":[13.125,5.5,13.625,6.0],"rotation":0,"texture":"#0","tintindex":0},"south":{"uv":[13.125,7.875,13.625,8.375],"rotation":0,"texture":"#0","tintindex":0},"up":{"uv":[13.625,9.625,13.125,9.125],"rotation":0,"texture":"#0","tintindex":0},"west":{"uv":[13.125,8.5,13.625,9.0],"rotation":0,"texture":"#0","tintindex":0}}}],"display":{"head":{"translation":[0.0,-6.4,0.0],"rotation":[0.0,0.0,0.0],"scale":[3.8095,3.8095,3.8095]}}}