{"file_name":"rightarm","texture_size":[128,128],"textures":{"ddeb62e6-0d81-5013-14b4-2466ade9c4d2":"modelengine:entity/boar"},"elements":[{"name":"cube","from":[8.0,3.4179196,6.6689596],"to":[9.49688,8.550079,9.66272],"rotation":{"angle":0.0,"axis":"x","origin":[7.14464,3.4179196,6.45512]},"faces":{"down":{"uv":[3.5,13.75,3.25,14.375],"rotation":0,"texture":"#ddeb62e6-0d81-5013-14b4-2466ade9c4d2","tintindex":0},"east":{"uv":[4.25,10.5,4.875,11.625],"rotation":0,"texture":"#ddeb62e6-0d81-5013-14b4-2466ade9c4d2","tintindex":0},"north":{"uv":[5.375,12.5,5.625,13.625],"rotation":0,"texture":"#ddeb62e6-0d81-5013-14b4-2466ade9c4d2","tintindex":0},"south":{"uv":[7.0,12.875,7.25,14.0],"rotation":0,"texture":"#ddeb62e6-0d81-5013-14b4-2466ade9c4d2","tintindex":0},"up":{"uv":[3.125,14.375,2.875,13.75],"rotation":0,"texture":"#ddeb62e6-0d81-5013-14b4-2466ade9c4d2","tintindex":0},"west":{"uv":[5.0,10.5,5.625,11.625],"rotation":0,"texture":"#ddeb62e6-0d81-5013-14b4-2466ade9c4d2","tintindex":0}}},{"name":"cube","from":[6.73232,5.9839993,7.31048],"to":[9.512239,9.405439,10.73192],"rotation":{"angle":-45.0,"axis":"x","origin":[7.78616,6.8393593,8.16584]},"faces":{"down":{"uv":[10.875,12.125,10.25,12.875],"rotation":0,"texture":"#ddeb62e6-0d81-5013-14b4-2466ade9c4d2","tintindex":0},"east":{"uv":[11.375,5.0,12.125,5.75],"rotation":0,"texture":"#ddeb62e6-0d81-5013-14b4-2466ade9c4d2","tintindex":0},"north":{"uv":[0.0,12.0,0.625,12.75],"rotation":0,"texture":"#ddeb62e6-0d81-5013-14b4-2466ade9c4d2","tintindex":0},"south":{"uv":[12.0,1.75,12.625,2.5],"rotation":0,"texture":"#ddeb62e6-0d81-5013-14b4-2466ade9c4d2","tintindex":0},"up":{"uv":[7.25,12.75,6.625,12.0],"rotation":0,"texture":"#ddeb62e6-0d81-5013-14b4-2466ade9c4d2","tintindex":0},"west":{"uv":[5.75,11.5,6.5,12.25],"rotation":0,"texture":"#ddeb62e6-0d81-5013-14b4-2466ade9c4d2","tintindex":0}}}],"display":{"head":{"translation":[0.0,-6.4,0.0],"rotation":[0.0,0.0,0.0],"scale":[3.8095,3.8095,3.8095]},"gui":{"translation":[0.0,0.0,0.0],"rotation":[35.0,225.0,0.0],"scale":[0.625,0.625,0.625]}}}