{"file_name":"rightarm2","texture_size":[128,128],"textures":{"ddeb62e6-0d81-5013-14b4-2466ade9c4d2":"modelengine:entity/boar"},"elements":[{"name":"cube","from":[7.9169602,3.7834399,7.2003202],"to":[10.269199,4.85264,9.33872],"rotation":{"angle":-22.5,"axis":"x","origin":[8.34464,0.362,5.2757597]},"faces":{"down":{"uv":[13.875,6.75,13.375,7.25],"rotation":0,"texture":"#ddeb62e6-0d81-5013-14b4-2466ade9c4d2","tintindex":0},"east":{"uv":[14.0,3.5,14.5,3.75],"rotation":0,"texture":"#ddeb62e6-0d81-5013-14b4-2466ade9c4d2","tintindex":0},"north":{"uv":[14.0,3.125,14.5,3.375],"rotation":0,"texture":"#ddeb62e6-0d81-5013-14b4-2466ade9c4d2","tintindex":0},"south":{"uv":[4.375,14.0,4.875,14.25],"rotation":0,"texture":"#ddeb62e6-0d81-5013-14b4-2466ade9c4d2","tintindex":0},"up":{"uv":[13.875,3.75,13.375,3.25],"rotation":0,"texture":"#ddeb62e6-0d81-5013-14b4-2466ade9c4d2","tintindex":0},"west":{"uv":[14.0,6.625,14.5,6.875],"rotation":0,"texture":"#ddeb62e6-0d81-5013-14b4-2466ade9c4d2","tintindex":0}}},{"name":"cube","from":[8.1308,4.85264,4.4203997],"to":[10.055361,9.343281,6.1311197],"rotation":{"angle":22.5,"axis":"x","origin":[9.84152,1.21736,4.2065597]},"faces":{"down":{"uv":[6.75,13.75,6.375,14.125],"rotation":0,"texture":"#ddeb62e6-0d81-5013-14b4-2466ade9c4d2","tintindex":0},"east":{"uv":[3.0,12.75,3.375,13.625],"rotation":0,"texture":"#ddeb62e6-0d81-5013-14b4-2466ade9c4d2","tintindex":0},"north":{"uv":[12.75,1.375,13.125,2.25],"rotation":0,"texture":"#ddeb62e6-0d81-5013-14b4-2466ade9c4d2","tintindex":0},"south":{"uv":[3.5,12.75,3.875,13.625],"rotation":0,"texture":"#ddeb62e6-0d81-5013-14b4-2466ade9c4d2","tintindex":0},"up":{"uv":[14.125,6.5,13.75,6.125],"rotation":0,"texture":"#ddeb62e6-0d81-5013-14b4-2466ade9c4d2","tintindex":0},"west":{"uv":[4.0,12.75,4.375,13.625],"rotation":0,"texture":"#ddeb62e6-0d81-5013-14b4-2466ade9c4d2","tintindex":0}}},{"name":"cube","from":[7.70312,3.7834399,5.2757597],"to":[10.483041,4.85264,7.4141603],"rotation":{"angle":0.0,"axis":"x","origin":[9.84152,0.362,3.3512]},"faces":{"down":{"uv":[13.25,3.375,12.625,3.875],"rotation":0,"texture":"#ddeb62e6-0d81-5013-14b4-2466ade9c4d2","tintindex":0},"east":{"uv":[8.875,2.875,9.375,3.125],"rotation":0,"texture":"#ddeb62e6-0d81-5013-14b4-2466ade9c4d2","tintindex":0},"north":{"uv":[9.5,4.125,10.125,4.375],"rotation":0,"texture":"#ddeb62e6-0d81-5013-14b4-2466ade9c4d2","tintindex":0},"south":{"uv":[11.75,7.875,12.375,8.125],"rotation":0,"texture":"#ddeb62e6-0d81-5013-14b4-2466ade9c4d2","tintindex":0},"up":{"uv":[9.625,5.875,9.0,5.375],"rotation":0,"texture":"#ddeb62e6-0d81-5013-14b4-2466ade9c4d2","tintindex":0},"west":{"uv":[13.75,9.375,14.25,9.625],"rotation":0,"texture":"#ddeb62e6-0d81-5013-14b4-2466ade9c4d2","tintindex":0}}}],"display":{"head":{"translation":[0.0,-6.4,0.0],"rotation":[0.0,0.0,0.0],"scale":[3.8095,3.8095,3.8095]},"gui":{"translation":[0.0,0.0,0.0],"rotation":[35.0,225.0,0.0],"scale":[0.625,0.625,0.625]}}}