{"file_name":"torso","texture_size":[128,128],"textures":{"ddeb62e6-0d81-5013-14b4-2466ade9c4d2":"modelengine:entity/boar"},"elements":[{"name":"cube","from":[4.9877596,4.57856,5.43392],"to":[10.156879,8.42768,11.42144],"rotation":{"angle":0.0,"axis":"x","origin":[5.8616,4.36472,10.56608]},"faces":{"down":{"uv":[6.125,0.0,5.0,1.25],"rotation":0,"texture":"#ddeb62e6-0d81-5013-14b4-2466ade9c4d2","tintindex":0},"east":{"uv":[2.125,8.625,3.375,9.375],"rotation":0,"texture":"#ddeb62e6-0d81-5013-14b4-2466ade9c4d2","tintindex":0},"north":{"uv":[5.0,8.875,6.125,9.625],"rotation":0,"texture":"#ddeb62e6-0d81-5013-14b4-2466ade9c4d2","tintindex":0},"south":{"uv":[9.0,0.0,10.125,0.75],"rotation":0,"texture":"#ddeb62e6-0d81-5013-14b4-2466ade9c4d2","tintindex":0},"up":{"uv":[5.75,5.0,4.625,3.75],"rotation":0,"texture":"#ddeb62e6-0d81-5013-14b4-2466ade9c4d2","tintindex":0},"west":{"uv":[8.625,6.0,9.875,6.75],"rotation":0,"texture":"#ddeb62e6-0d81-5013-14b4-2466ade9c4d2","tintindex":0}}},{"name":"cube","from":[4.57856,6.5031204,-1.4089603],"to":[10.779921,10.779921,1.5847995],"rotation":{"angle":45.0,"axis":"x","origin":[5.8616,6.28928,2.0124795]},"faces":{"down":{"uv":[11.0,8.625,9.75,9.25],"rotation":0,"texture":"#ddeb62e6-0d81-5013-14b4-2466ade9c4d2","tintindex":0},"east":{"uv":[3.25,11.75,3.875,12.625],"rotation":0,"texture":"#ddeb62e6-0d81-5013-14b4-2466ade9c4d2","tintindex":0},"north":{"uv":[7.125,3.75,8.375,4.625],"rotation":0,"texture":"#ddeb62e6-0d81-5013-14b4-2466ade9c4d2","tintindex":0},"south":{"uv":[7.25,6.25,8.5,7.125],"rotation":0,"texture":"#ddeb62e6-0d81-5013-14b4-2466ade9c4d2","tintindex":0},"up":{"uv":[5.5,10.375,4.25,9.75],"rotation":0,"texture":"#ddeb62e6-0d81-5013-14b4-2466ade9c4d2","tintindex":0},"west":{"uv":[4.0,11.75,4.625,12.625],"rotation":0,"texture":"#ddeb62e6-0d81-5013-14b4-2466ade9c4d2","tintindex":0}}},{"name":"cube","from":[4.36472,7.57232,-1.6228004],"to":[10.99376,10.993759,1.5847995],"rotation":{"angle":45.0,"axis":"x","origin":[5.8616,6.28928,2.0124795]},"faces":{"down":{"uv":[4.875,8.875,3.5,9.5],"rotation":0,"texture":"#ddeb62e6-0d81-5013-14b4-2466ade9c4d2","tintindex":0},"east":{"uv":[12.25,11.875,12.875,12.625],"rotation":0,"texture":"#ddeb62e6-0d81-5013-14b4-2466ade9c4d2","tintindex":0},"north":{"uv":[7.375,2.375,8.75,3.125],"rotation":0,"texture":"#ddeb62e6-0d81-5013-14b4-2466ade9c4d2","tintindex":0},"south":{"uv":[7.5,0.0,8.875,0.75],"rotation":0,"texture":"#ddeb62e6-0d81-5013-14b4-2466ade9c4d2","tintindex":0},"up":{"uv":[10.25,2.75,8.875,2.125],"rotation":0,"texture":"#ddeb62e6-0d81-5013-14b4-2466ade9c4d2","tintindex":0},"west":{"uv":[5.75,12.375,6.375,13.125],"rotation":0,"texture":"#ddeb62e6-0d81-5013-14b4-2466ade9c4d2","tintindex":0}}},{"name":"cube","from":[3.9370399,5.8616,2.6539998],"to":[11.207601,10.82144,5.00624],"rotation":{"angle":22.5,"axis":"x","origin":[5.8616,6.28928,2.0124795]},"faces":{"down":{"uv":[11.875,2.75,10.375,3.25],"rotation":0,"texture":"#ddeb62e6-0d81-5013-14b4-2466ade9c4d2","tintindex":0},"east":{"uv":[9.625,11.125,10.125,12.25],"rotation":0,"texture":"#ddeb62e6-0d81-5013-14b4-2466ade9c4d2","tintindex":0},"north":{"uv":[1.75,2.5,3.25,3.625],"rotation":0,"texture":"#ddeb62e6-0d81-5013-14b4-2466ade9c4d2","tintindex":0},"south":{"uv":[0.0,2.75,1.5,3.875],"rotation":0,"texture":"#ddeb62e6-0d81-5013-14b4-2466ade9c4d2","tintindex":0},"up":{"uv":[11.875,2.625,10.375,2.125],"rotation":0,"texture":"#ddeb62e6-0d81-5013-14b4-2466ade9c4d2","tintindex":0},"west":{"uv":[1.75,11.25,2.25,12.375],"rotation":0,"texture":"#ddeb62e6-0d81-5013-14b4-2466ade9c4d2","tintindex":0}}},{"name":"cube","from":[4.15088,3.7231998,1.1571195],"to":[10.99376,8.85536,6.71696],"rotation":{"angle":22.5,"axis":"x","origin":[5.8616,4.15088,7.57232]},"faces":{"down":{"uv":[3.0,3.75,1.625,4.875],"rotation":0,"texture":"#ddeb62e6-0d81-5013-14b4-2466ade9c4d2","tintindex":0},"east":{"uv":[5.625,5.125,6.75,6.25],"rotation":0,"texture":"#ddeb62e6-0d81-5013-14b4-2466ade9c4d2","tintindex":0},"north":{"uv":[3.375,2.5,4.75,3.625],"rotation":0,"texture":"#ddeb62e6-0d81-5013-14b4-2466ade9c4d2","tintindex":0},"south":{"uv":[3.5,0.0,4.875,1.125],"rotation":0,"texture":"#ddeb62e6-0d81-5013-14b4-2466ade9c4d2","tintindex":0},"up":{"uv":[4.875,2.375,3.5,1.25],"rotation":0,"texture":"#ddeb62e6-0d81-5013-14b4-2466ade9c4d2","tintindex":0},"west":{"uv":[5.875,3.75,7.0,4.875],"rotation":0,"texture":"#ddeb62e6-0d81-5013-14b4-2466ade9c4d2","tintindex":0}}},{"name":"cube","from":[3.7231998,3.5093598,0.94327974],"to":[11.42144,9.0692,6.9308],"rotation":{"angle":22.5,"axis":"x","origin":[5.8616,4.15088,7.57232]},"faces":{"down":{"uv":[1.625,1.375,0.0,2.625],"rotation":0,"texture":"#ddeb62e6-0d81-5013-14b4-2466ade9c4d2","tintindex":0},"east":{"uv":[4.875,2.5,6.125,3.625],"rotation":0,"texture":"#ddeb62e6-0d81-5013-14b4-2466ade9c4d2","tintindex":0},"north":{"uv":[1.75,0.0,3.375,1.125],"rotation":0,"texture":"#ddeb62e6-0d81-5013-14b4-2466ade9c4d2","tintindex":0},"south":{"uv":[1.75,1.25,3.375,2.375],"rotation":0,"texture":"#ddeb62e6-0d81-5013-14b4-2466ade9c4d2","tintindex":0},"up":{"uv":[1.625,1.25,0.0,0.0],"rotation":0,"texture":"#ddeb62e6-0d81-5013-14b4-2466ade9c4d2","tintindex":0},"west":{"uv":[1.5,5.0,2.75,6.125],"rotation":0,"texture":"#ddeb62e6-0d81-5013-14b4-2466ade9c4d2","tintindex":0}}},{"name":"cube","from":[4.36472,3.9370399,1.3709598],"to":[10.779921,8.64152,6.50312],"rotation":{"angle":22.5,"axis":"x","origin":[5.8616,4.15088,7.57232]},"faces":{"down":{"uv":[1.375,4.0,0.0,5.125],"rotation":0,"texture":"#ddeb62e6-0d81-5013-14b4-2466ade9c4d2","tintindex":0},"east":{"uv":[6.25,0.0,7.375,1.0],"rotation":0,"texture":"#ddeb62e6-0d81-5013-14b4-2466ade9c4d2","tintindex":0},"north":{"uv":[5.0,1.375,6.375,2.375],"rotation":0,"texture":"#ddeb62e6-0d81-5013-14b4-2466ade9c4d2","tintindex":0},"south":{"uv":[0.0,5.25,1.375,6.25],"rotation":0,"texture":"#ddeb62e6-0d81-5013-14b4-2466ade9c4d2","tintindex":0},"up":{"uv":[4.5,4.875,3.125,3.75],"rotation":0,"texture":"#ddeb62e6-0d81-5013-14b4-2466ade9c4d2","tintindex":0},"west":{"uv":[1.5,6.25,2.625,7.25],"rotation":0,"texture":"#ddeb62e6-0d81-5013-14b4-2466ade9c4d2","tintindex":0}}},{"name":"cube","from":[5.2200804,5.6477604,8.21384],"to":[9.924561,10.363041,12.49064],"rotation":{"angle":22.5,"axis":"x","origin":[5.8616,4.57856,10.779921]},"faces":{"down":{"uv":[1.0,8.75,0.0,9.625],"rotation":0,"texture":"#ddeb62e6-0d81-5013-14b4-2466ade9c4d2","tintindex":0},"east":{"uv":[10.75,10.125,11.625,10.875],"rotation":0,"texture":"#ddeb62e6-0d81-5013-14b4-2466ade9c4d2","tintindex":0},"north":{"uv":[10.25,0.0,11.25,0.75],"rotation":0,"texture":"#ddeb62e6-0d81-5013-14b4-2466ade9c4d2","tintindex":0},"south":{"uv":[10.25,4.125,11.25,4.875],"rotation":0,"texture":"#ddeb62e6-0d81-5013-14b4-2466ade9c4d2","tintindex":0},"up":{"uv":[9.625,9.5,8.625,8.625],"rotation":0,"texture":"#ddeb62e6-0d81-5013-14b4-2466ade9c4d2","tintindex":0},"west":{"uv":[0.75,10.875,1.625,11.625],"rotation":0,"texture":"#ddeb62e6-0d81-5013-14b4-2466ade9c4d2","tintindex":0}}},{"name":"cube","from":[5.00624,6.0754404,8.0],"to":[10.1384,9.924561,11.207601],"rotation":{"angle":22.5,"axis":"x","origin":[5.8616,5.00624,10.56608]},"faces":{"down":{"uv":[6.875,10.75,5.75,11.375],"rotation":0,"texture":"#ddeb62e6-0d81-5013-14b4-2466ade9c4d2","tintindex":0},"east":{"uv":[12.25,0.0,12.875,0.75],"rotation":0,"texture":"#ddeb62e6-0d81-5013-14b4-2466ade9c4d2","tintindex":0},"north":{"uv":[9.0,4.5,10.125,5.25],"rotation":0,"texture":"#ddeb62e6-0d81-5013-14b4-2466ade9c4d2","tintindex":0},"south":{"uv":[2.125,9.5,3.25,10.25],"rotation":0,"texture":"#ddeb62e6-0d81-5013-14b4-2466ade9c4d2","tintindex":0},"up":{"uv":[11.5,4.0,10.375,3.375],"rotation":0,"texture":"#ddeb62e6-0d81-5013-14b4-2466ade9c4d2","tintindex":0},"west":{"uv":[12.25,4.125,12.875,4.875],"rotation":0,"texture":"#ddeb62e6-0d81-5013-14b4-2466ade9c4d2","tintindex":0}}},{"name":"cube","from":[5.43392,6.28928,5.2200804],"to":[9.71072,11.63528,8.21384],"rotation":{"angle":22.5,"axis":"x",