{"textures":{"0":"modelengine:entity/boar_female"},"elements":[{"name":"cube","from":[7.9126835,5.6112704,5.0055437],"to":[9.567805,9.473221,6.476763],"rotation":{"angle":22.5,"axis":"x","origin":[8.096586,2.4849296,4.821641]},"faces":{"down":{"uv":[14.125,5.625,13.75,6.0],"rotation":0,"texture":"#0","tintindex":0},"east":{"uv":[10.25,11.125,10.625,12.0],"rotation":0,"texture":"#0","tintindex":0},"north":{"uv":[5.75,9.75,6.125,10.625],"rotation":0,"texture":"#0","tintindex":0},"south":{"uv":[11.0,12.125,11.375,13.0],"rotation":0,"texture":"#0","tintindex":0},"up":{"uv":[5.5,14.125,5.125,13.75],"rotation":0,"texture":"#0","tintindex":0},"west":{"uv":[12.625,5.75,13.0,6.625],"rotation":0,"texture":"#0","tintindex":0}}},{"name":"cube","from":[7.5448785,4.691758,5.7411532],"to":[9.93561,5.6112704,7.5801773],"rotation":{"angle":0.0,"axis":"x","origin":[8.096586,1.7493198,4.0860314]},"faces":{"down":{"uv":[0.625,12.875,0.0,13.375],"rotation":0,"texture":"#0","tintindex":0},"east":{"uv":[0.5,14.0,1.0,14.25],"rotation":0,"texture":"#0","tintindex":0},"north":{"uv":[13.75,0.875,14.375,1.125],"rotation":0,"texture":"#0","tintindex":0},"south":{"uv":[3.625,13.75,4.25,14.0],"rotation":0,"texture":"#0","tintindex":0},"up":{"uv":[13.375,13.25,12.75,12.75],"rotation":0,"texture":"#0","tintindex":0},"west":{"uv":[1.125,14.0,1.625,14.25],"rotation":0,"texture":"#0","tintindex":0}}},{"name":"cube","from":[7.728781,4.691758,7.396275],"to":[9.751707,5.6112704,9.2353],"rotation":{"angle":-22.5,"axis":"x","origin":[8.096586,1.7493198,5.7411532]},"faces":{"down":{"uv":[13.875,2.625,13.375,3.125],"rotation":0,"texture":"#0","tintindex":0},"east":{"uv":[14.0,2.0,14.5,2.25],"rotation":0,"texture":"#0","tintindex":0},"north":{"uv":[1.75,14.0,2.25,14.25],"rotation":0,"texture":"#0","tintindex":0},"south":{"uv":[14.0,2.375,14.5,2.625],"rotation":0,"texture":"#0","tintindex":0},"up":{"uv":[2.75,13.875,2.25,13.375],"rotation":0,"texture":"#0","tintindex":0},"west":{"uv":[14.0,2.75,14.5,3.0],"rotation":0,"texture":"#0","tintindex":0}}}],"display":{"head":{"translation":[0.0,-6.4,0.0],"rotation":[0.0,0.0,0.0],"scale":[3.8095,3.8095,3.8095]}}}