{"textures":{"0":"modelengine:entity/boar_female"},"elements":[{"name":"cube","from":[7.1704683,6.6390805,8.31969],"to":[9.377298,8.845909,10.52652],"rotation":{"angle":-45.0,"axis":"x","origin":[6.809269,6.197715,8.31969]},"faces":{"down":{"uv":[13.625,4.875,13.125,5.375],"rotation":0,"texture":"#0","tintindex":0},"east":{"uv":[11.125,9.5,11.625,10.0],"rotation":0,"texture":"#0","tintindex":0},"north":{"uv":[6.625,7.625,7.125,8.125],"rotation":0,"texture":"#0","tintindex":0},"south":{"uv":[11.75,10.375,12.25,10.875],"rotation":0,"texture":"#0","tintindex":0},"up":{"uv":[13.5,12.375,13.0,11.875],"rotation":0,"texture":"#0","tintindex":0},"west":{"uv":[13.0,10.375,13.5,10.875],"rotation":0,"texture":"#0","tintindex":0}}},{"name":"cube","from":[7.1770735,4.549198,7.0323725],"to":[9.016098,8.404543,8.871397],"rotation":{"angle":0.0,"axis":"x","origin":[9.567805,3.9908862,6.8484707]},"faces":{"down":{"uv":[13.875,2.0,13.375,2.5],"rotation":0,"texture":"#0","tintindex":0},"east":{"uv":[12.5,7.875,13.0,8.75],"rotation":0,"texture":"#0","tintindex":0},"north":{"uv":[7.375,12.5,7.875,13.375],"rotation":0,"texture":"#0","tintindex":0},"south":{"uv":[8.0,12.5,8.5,13.375],"rotation":0,"texture":"#0","tintindex":0},"up":{"uv":[1.25,13.875,0.75,13.375],"rotation":0,"texture":"#0","tintindex":0},"west":{"uv":[12.5,8.875,13.0,9.75],"rotation":0,"texture":"#0","tintindex":0}}}],"display":{"head":{"translation":[0.0,-6.4,0.0],"rotation":[0.0,0.0,0.0],"scale":[3.8095,3.8095,3.8095]}}}