{"textures":{"0":"modelengine:entity/boar_female"},"elements":[{"name":"cube","from":[7.360976,4.0813136,6.9393053],"to":[8.648293,8.311069,9.513939],"rotation":{"angle":0.0,"axis":"x","origin":[6.625366,3.897411,6.7554035]},"faces":{"down":{"uv":[13.875,9.75,13.625,10.375],"rotation":0,"texture":"#0","tintindex":0},"east":{"uv":[11.0,7.125,11.625,8.125],"rotation":0,"texture":"#0","tintindex":0},"north":{"uv":[10.125,13.0,10.375,14.0],"rotation":0,"texture":"#0","tintindex":0},"south":{"uv":[10.5,13.0,10.75,14.0],"rotation":0,"texture":"#0","tintindex":0},"up":{"uv":[13.75,13.125,13.5,12.5],"rotation":0,"texture":"#0","tintindex":0},"west":{"uv":[10.75,11.0,11.375,12.0],"rotation":0,"texture":"#0","tintindex":0}}},{"name":"cube","from":[7.318664,6.1042404,7.4910126],"to":[9.709395,9.046679,10.433451],"rotation":{"angle":-45.0,"axis":"x","origin":[6.625366,6.8398495,8.226622]},"faces":{"down":{"uv":[12.125,11.875,11.5,12.625],"rotation":0,"texture":"#0","tintindex":0},"east":{"uv":[11.375,0.0,12.125,0.75],"rotation":0,"texture":"#0","tintindex":0},"north":{"uv":[11.75,9.5,12.375,10.25],"rotation":0,"texture":"#0","tintindex":0},"south":{"uv":[11.875,5.875,12.5,6.625],"rotation":0,"texture":"#0","tintindex":0},"up":{"uv":[9.375,12.625,8.75,11.875],"rotation":0,"texture":"#0","tintindex":0},"west":{"uv":[11.375,4.125,12.125,4.875],"rotation":0,"texture":"#0","tintindex":0}}}],"display":{"head":{"translation":[0.0,-6.4,0.0],"rotation":[0.0,0.0,0.0],"scale":[3.8095,3.8095,3.8095]}}}