{"textures":{"0":"modelengine:entity/boar_female"},"elements":[{"name":"cube","from":[7.5393057,8.455767,7.6808324],"to":[9.746134,9.743083,10.439369],"rotation":{"angle":45.0,"axis":"x","origin":[8.642719,9.040529,7.0209846]},"faces":{"down":{"uv":[9.125,12.75,8.625,13.375],"rotation":0,"texture":"#0","tintindex":0},"east":{"uv":[13.625,10.5,14.25,10.75],"rotation":0,"texture":"#0","tintindex":0},"north":{"uv":[13.875,1.25,14.375,1.5],"rotation":0,"texture":"#0","tintindex":0},"south":{"uv":[13.875,1.625,14.375,1.875],"rotation":0,"texture":"#0","tintindex":0},"up":{"uv":[13.25,7.375,12.75,6.75],"rotation":0,"texture":"#0","tintindex":0},"west":{"uv":[13.625,11.375,14.25,11.625],"rotation":0,"texture":"#0","tintindex":0}}},{"name":"cube","from":[7.90711,6.6330476,5.305499],"to":[9.37833,9.575487,6.776718],"rotation":{"angle":45.0,"axis":"x","origin":[7.90711,3.4356263,4.8778467]},"faces":{"down":{"uv":[14.125,8.375,13.75,8.75],"rotation":0,"texture":"#0","tintindex":0},"east":{"uv":[6.5,12.875,6.875,13.625],"rotation":0,"texture":"#0","tintindex":0},"north":{"uv":[12.875,2.375,13.25,3.125],"rotation":0,"texture":"#0","tintindex":0},"south":{"uv":[13.0,0.0,13.375,0.75],"rotation":0,"texture":"#0","tintindex":0},"up":{"uv":[14.125,8.25,13.75,7.875],"rotation":0,"texture":"#0","tintindex":0},"west":{"uv":[13.0,4.0,13.375,4.75],"rotation":0,"texture":"#0","tintindex":0}}},{"name":"cube","from":[7.723208,5.863138,5.722023],"to":[9.562232,7.1504555,7.3771443],"rotation":{"angle":22.5,"axis":"x","origin":[7.90711,2.7000165,4.142237]},"faces":{"down":{"uv":[14.0,4.375,13.5,4.75],"rotation":0,"texture":"#0","tintindex":0},"east":{"uv":[2.375,14.0,2.75,14.25],"rotation":0,"texture":"#0","tintindex":0},"north":{"uv":[13.75,13.25,14.25,13.5],"rotation":0,"texture":"#0","tintindex":0},"south":{"uv":[13.75,13.625,14.25,13.875],"rotation":0,"texture":"#0","tintindex":0},"up":{"uv":[14.0,4.25,13.5,3.875],"rotation":0,"texture":"#0","tintindex":0},"west":{"uv":[8.0,14.0,8.375,14.25],"rotation":0,"texture":"#0","tintindex":0}}}],"display":{"head":{"translation":[0.0,-6.4,0.0],"rotation":[0.0,0.0,0.0],"scale":[3.8095,3.8095,3.8095]}}}