{"textures":{"0":"modelengine:entity/boar_female"},"elements":[{"name":"cube","from":[5.715171,11.068995,6.92527],"to":[10.093122,12.563951,11.442128],"rotation":{"angle":-22.5,"axis":"x","origin":[6.3409758,7.8631907,10.890421]},"faces":{"down":{"uv":[3.75,6.25,2.75,7.375],"rotation":0,"texture":"#0","tintindex":0},"east":{"uv":[12.375,11.375,13.5,11.75],"rotation":0,"texture":"#0","tintindex":0},"north":{"uv":[7.375,3.25,8.375,3.625],"rotation":0,"texture":"#0","tintindex":0},"south":{"uv":[12.5,9.875,13.5,10.25],"rotation":0,"texture":"#0","tintindex":0},"up":{"uv":[7.25,3.625,6.25,2.5],"rotation":0,"texture":"#0","tintindex":0},"west":{"uv":[12.5,0.875,13.625,1.25],"rotation":0,"texture":"#0","tintindex":0}}},{"name":"cube","from":[5.7892685,8.230995,7.5801773],"to":[10.019024,12.696253,10.771328],"rotation":{"angle":-22.5,"axis":"x","origin":[6.3409758,7.8631907,10.890421]},"faces":{"down":{"uv":[11.5,0.875,10.5,1.625],"rotation":0,"texture":"#0","tintindex":0},"east":{"uv":[9.5,2.875,10.25,4.0],"rotation":0,"texture":"#0","tintindex":0},"north":{"uv":[6.5,1.125,7.5,2.25],"rotation":0,"texture":"#0","tintindex":0},"south":{"uv":[6.875,5.0,7.875,6.125],"rotation":0,"texture":"#0","tintindex":0},"up":{"uv":[3.0,11.125,2.0,10.375],"rotation":0,"texture":"#0","tintindex":0},"west":{"uv":[6.25,9.5,7.0,10.625],"rotation":0,"texture":"#0","tintindex":0}}},{"name":"cube","from":[2.1112208,13.380262,7.02847],"to":[4.134147,14.851481,7.5801773],"rotation":{"angle":-45.0,"axis":"z","origin":[0.64000154,9.886117,10.890421]},"faces":{"down":{"uv":[14.625,4.625,14.125,4.75],"rotation":0,"texture":"#0","tintindex":0},"east":{"uv":[13.375,14.125,13.5,14.5],"rotation":0,"texture":"#0","tintindex":0},"north":{"uv":[8.0,13.5,8.5,13.875],"rotation":0,"texture":"#0","tintindex":0},"south":{"uv":[8.625,13.5,9.125,13.875],"rotation":0,"texture":"#0","tintindex":0},"up":{"uv":[14.625,4.5,14.125,4.375],"rotation":0,"texture":"#0","tintindex":0},"west":{"uv":[0.0,14.25,0.125,14.625],"rotation":0,"texture":"#0","tintindex":0}}},{"name":"cube","from":[11.490243,13.380262,7.02847],"to":[13.513169,14.851481,7.5801773],"rotation":{"angle":45.0,"axis":"z","origin":[14.984389,9.886117,10.890421]},"faces":{"down":{"uv":[14.625,7.625,14.125,7.75],"rotation":0,"texture":"#0","tintindex":0},"east":{"uv":[14.25,0.0,14.375,0.375],"rotation":0,"texture":"#0","tintindex":0},"north":{"uv":[11.5,13.5,12.0,13.875],"rotation":0,"texture":"#0","tintindex":0},"south":{"uv":[12.125,13.5,12.625,13.875],"rotation":0,"texture":"#0","tintindex":0},"up":{"uv":[14.625,7.5,14.125,7.375],"rotation":0,"texture":"#0","tintindex":0},"west":{"uv":[0.25,14.25,0.375,14.625],"rotation":0,"texture":"#0","tintindex":0}}},{"name":"cube","from":[5.421464,6.391971,5.373348],"to":[10.386829,8.7827015,9.051396],"rotation":{"angle":-22.5,"axis":"x","origin":[6.3409758,5.656361,7.2123723]},"faces":{"down":{"uv":[2.375,7.375,1.125,8.25],"rotation":0,"texture":"#0","tintindex":0},"east":{"uv":[11.625,3.375,12.5,4.0],"rotation":0,"texture":"#0","tintindex":0},"north":{"uv":[9.75,9.375,11.0,10.0],"rotation":0,"texture":"#0","tintindex":0},"south":{"uv":[10.0,5.375,11.25,6.0],"rotation":0,"texture":"#0","tintindex":0},"up":{"uv":[8.5,8.125,7.25,7.25],"rotation":0,"texture":"#0","tintindex":0},"west":{"uv":[4.75,11.75,5.625,12.375],"rotation":0,"texture":"#0","tintindex":0}}},{"name":"cube","from":[5.7892685,8.456959,6.160101],"to":[6.5248785,9.502169,7.0121207],"rotation":{"angle":0.0,"axis":"x","origin":[7.904146,9.134363,6.586111]},"faces":{"down":{"uv":[7.25,11.875,7.75,12.375],"rotation":0,"texture":"#0","tintindex":0},"east":{"uv":[7.25,11.875,7.75,12.375],"rotation":0,"texture":"#0","tintindex":0},"north":{"uv":[7.25,11.875,7.75,12.375],"rotation":0,"texture":"#0","tintindex":0},"south":{"uv":[7.25,11.875,7.75,12.375],"rotation":0,"texture":"#0","tintindex":0},"up":{"uv":[7.25,11.875,7.75,12.375],"rotation":0,"texture":"#0","tintindex":0},"west":{"uv":[7.75,11.875,7.25,12.375],"rotation":0,"texture":"#0","tintindex":0}}},{"name":"cube","from":[5.6860685,8.250559,6.1085014],"to":[6.4216785,9.295769,6.9605207],"rotation":{"angle":0.0,"axis":"x","origin":[7.904146,9.134363,6.586111]},"faces":{"down":{"uv":[1.125,15.0,1.625,15.5],"rotation":0,"texture":"#0","tintindex":0},"east":{"uv":[1.125,15.0,1.625,15.5],"rotation":0,"texture":"#0","tintindex":0},"north":{"uv":[0.0,14.75,0.5,15.25],"rotation":0,"texture":"#0","tintindex":0},"south":{"uv":[1.125,15.0,1.625,15.5],"rotation":0,"texture":"#0","tintindex":0},"up":{"uv":[1.125,15.0,1.625,15.5],"rotation":0,"texture":"#0","tintindex":0},"west":{"uv":[1.125,15.0,1.625,15.5],"rotation":0,"texture":"#0","tintindex":0}}},{"name":"cube","from":[9.556068,8.250559,6.1085014],"to":[10.291678,9.295769,6.9605207],"rotation":{"angle":0.0,"axis":"x","origin":[7.904146,9.134363,6.586111]},"faces":{"down":{"uv":[7.25,11.875,7.75,12.375],"rotation":0,"texture":"#0","tintindex":0},"east":{"uv":[1.5,15.0,1.0,15.5],"rotation":0,"texture":"#0","tintindex":0},"north":{"uv":[0.0,14.75,0.5,15.25],"rotation":0,"texture":"#0","tintindex":0},"south":{"uv":[7.25,11.875,7.75,12.375],"rotation":0,"texture":"#0","tintindex":0},"up":{"uv":[1.125,15.0,1.625,15.5],"rotation":0,"texture":"#0","tintindex":0},"west":{"uv":[1.5,15.0,1.0,15.5],"rotation":0,"texture":"#0","tintindex":0}}},{"name":"cube","from":[9.283415,8.456959,6.160101],"to":[10.019024,9.502169,7.0121207],"rotation":{"angle":0.0,"axis":"x","origin":[7.904146,9.134363,6.586111]},"faces":{"down":{"uv":[7.25,11.875,7.75,12.375],"rotation":0,"texture":"#0","tintindex":0},"east":{"uv":[7.25,11.875,7.75,12.375],"rotation":0,"texture":"#0","tintindex":0},"north":{"uv":[7.75,11.875,7.25,12.375],"rotation":0,"texture":"#0","tintindex":0},"south":{"uv":[7.25,11.875,7.75,12.375],"rotation":0,"texture":"#0","tintindex":0},"up":{"uv":[1.125,15.0,1.625,15.5],"rotation":0,"texture":"#0","tintindex":0},"west":{"uv":[7.25,11.875,7.75,12.375],"rotation":0,"texture":"#0","tintindex":0}}},{"name":"cube","from":[5.237561,7.1275806,5.005543],"to":[10.570731,8.230995,7.2123723],"rotation":{"angle":-22.5,"axis":"x","origin":[6.3409758,5.656361,7.2123723]},"faces":{"down":{"uv":[12.375,8.875,11.125,9.375],"rotation":0,"texture":"#0","tintindex":0},"east":{"uv":[14.0,7.0,14.5,7.25],"rotation":0,"texture":"#0","tintindex":0},"north":{"uv":[10.5,1.75,11.75,2.0],"rotation":0,"texture":"#0","tintindex":0},"south":{"uv":[12.75,7.5,14.0,7.75],"rotation":0,"texture":"#0","tintindex":0},"up":{"uv":[12.375,8.75,11.125,8.25],"rotation":0,"texture":"#0","tintindex":0},"west":{"uv":[7.375,14.0,7.875,14.25],"rotation":0,"texture":"#0","tintindex":0}}},{"name":"cube","from":[9.651219,6.391971,4.6182265],"to":[10.386829,7.1275806,6.457251],"rotation":{"angle":-22.5,"axis":"x","origin":[10.202927,5.288556,5.005543]},"faces":{"down":{"uv":[4.625,12.75,4.5,13.25],"rotation":0,"texture":"#0","tintindex":0},"east":{"uv":[7.125,4.75,7.625,4.875],"rotation":0,"texture":"#0","tintindex":0},"north":{"uv":[6.25,1.125,6.375,1.25],"rotation":0,"texture":"#0","tintindex":0},"south":{"uv":[7.75,4.75,7.875,4.875],"rotation":0,"texture":"#0","tintindex":0},"up":{"uv":[9.875,5.875,9.75,5.375],"rotation":0,"texture":"#0","tintindex":0},"west":{"uv":[7.625,2.125,8.125,2.25],"rotation":0,"texture":"#0","tintindex":0}}},{"name":"cube","from":[5.421464,6.391971,4.6182265],"to":[6.1570735,7.1275806,6.457251],"rotation":{"angle":-22.5,"axis":"x","origin":[5.605366,5.288556,5.005543]},"faces":{"down":{"uv":[4.25,14.125,4.125,14.625],"rotation":0,"texture":"#0","tintindex":0},"east":{"uv":[14.125,3.875,14.625,4.0],"rotation":0,"texture":"#0","tintindex":0},"north":{"uv":[13.0,12.5,13.125,12.625],"rotation":0,"texture":"#0","tintindex":0},"south":{"uv":[13.25,12.5,13.375,12.625],"rotation":0,"texture":"#0","tintindex":0},"up":{"uv":[4.0,14.625,3.875,14.125],"rotation":0,"texture":"#0","tintindex":0},"west":{"uv":[14.125,4.125,14.625,4.25],"rotation":0,"texture":"#0","tintindex":0}}},{"name":"cube",