{"textures":{"0":"modelengine:entity/boar_female"},"elements":[{"name":"cube","from":[8.096586,4.811758,7.396275],"to":[10.119512,5.7312703,9.2353],"rotation":{"angle":-22.5,"axis":"x","origin":[8.46439,1.8693197,5.7411532]},"faces":{"down":{"uv":[13.875,6.75,13.375,7.25],"rotation":0,"texture":"#0","tintindex":0},"east":{"uv":[14.0,3.5,14.5,3.75],"rotation":0,"texture":"#0","tintindex":0},"north":{"uv":[14.0,3.125,14.5,3.375],"rotation":0,"texture":"#0","tintindex":0},"south":{"uv":[4.375,14.0,4.875,14.25],"rotation":0,"texture":"#0","tintindex":0},"up":{"uv":[13.875,3.75,13.375,3.25],"rotation":0,"texture":"#0","tintindex":0},"west":{"uv":[14.0,6.625,14.5,6.875],"rotation":0,"texture":"#0","tintindex":0}}},{"name":"cube","from":[8.280488,5.7312703,5.0055437],"to":[9.93561,9.593221,6.476763],"rotation":{"angle":22.5,"axis":"x","origin":[9.751707,2.6049294,4.821641]},"faces":{"down":{"uv":[6.75,13.75,6.375,14.125],"rotation":0,"texture":"#0","tintindex":0},"east":{"uv":[3.0,12.75,3.375,13.625],"rotation":0,"texture":"#0","tintindex":0},"north":{"uv":[12.75,1.375,13.125,2.25],"rotation":0,"texture":"#0","tintindex":0},"south":{"uv":[3.5,12.75,3.875,13.625],"rotation":0,"texture":"#0","tintindex":0},"up":{"uv":[14.125,6.5,13.75,6.125],"rotation":0,"texture":"#0","tintindex":0},"west":{"uv":[4.0,12.75,4.375,13.625],"rotation":0,"texture":"#0","tintindex":0}}},{"name":"cube","from":[7.912683,4.811758,5.7411532],"to":[10.303414,5.7312703,7.5801773],"rotation":{"angle":0.0,"axis":"x","origin":[9.751707,1.8693197,4.0860314]},"faces":{"down":{"uv":[13.25,3.375,12.625,3.875],"rotation":0,"texture":"#0","tintindex":0},"east":{"uv":[8.875,2.875,9.375,3.125],"rotation":0,"texture":"#0","tintindex":0},"north":{"uv":[9.5,4.125,10.125,4.375],"rotation":0,"texture":"#0","tintindex":0},"south":{"uv":[11.75,7.875,12.375,8.125],"rotation":0,"texture":"#0","tintindex":0},"up":{"uv":[9.625,5.875,9.0,5.375],"rotation":0,"texture":"#0","tintindex":0},"west":{"uv":[13.75,9.375,14.25,9.625],"rotation":0,"texture":"#0","tintindex":0}}}],"display":{"head":{"translation":[0.0,-6.4,0.0],"rotation":[0.0,0.0,0.0],"scale":[3.8095,3.8095,3.8095]}}}