{"textures":{"0":"modelengine:entity/boar_female"},"elements":[{"name":"cube","from":[8.168,4.137411,6.3993053],"to":[9.455317,8.551068,8.973939],"rotation":{"angle":0.0,"axis":"x","origin":[7.4323907,4.137411,6.215403]},"faces":{"down":{"uv":[3.5,13.75,3.25,14.375],"rotation":0,"texture":"#0","tintindex":0},"east":{"uv":[4.25,10.5,4.875,11.625],"rotation":0,"texture":"#0","tintindex":0},"north":{"uv":[5.375,12.5,5.625,13.625],"rotation":0,"texture":"#0","tintindex":0},"south":{"uv":[7.0,12.875,7.25,14.0],"rotation":0,"texture":"#0","tintindex":0},"up":{"uv":[3.125,14.375,2.875,13.75],"rotation":0,"texture":"#0","tintindex":0},"west":{"uv":[5.0,10.5,5.625,11.625],"rotation":0,"texture":"#0","tintindex":0}}},{"name":"cube","from":[7.077795,6.34424,6.9510126],"to":[9.468527,9.286678,9.893452],"rotation":{"angle":-45.0,"axis":"x","origin":[7.9840975,7.0798492,7.6866226]},"faces":{"down":{"uv":[10.875,12.125,10.25,12.875],"rotation":0,"texture":"#0","tintindex":0},"east":{"uv":[11.375,5.0,12.125,5.75],"rotation":0,"texture":"#0","tintindex":0},"north":{"uv":[0.0,12.0,0.625,12.75],"rotation":0,"texture":"#0","tintindex":0},"south":{"uv":[12.0,1.75,12.625,2.5],"rotation":0,"texture":"#0","tintindex":0},"up":{"uv":[7.25,12.75,6.625,12.0],"rotation":0,"texture":"#0","tintindex":0},"west":{"uv":[5.75,11.5,6.5,12.25],"rotation":0,"texture":"#0","tintindex":0}}}],"display":{"head":{"translation":[0.0,-6.4,0.0],"rotation":[0.0,0.0,0.0],"scale":[3.8095,3.8095,3.8095]}}}