{"textures":{"0":"modelengine:entity/boar_female"},"elements":[{"name":"cube","from":[7.3843904,4.3691983,7.212373],"to":[9.223415,8.224545,9.051397],"rotation":{"angle":0.0,"axis":"x","origin":[9.775122,3.8108866,7.02847]},"faces":{"down":{"uv":[6.25,13.25,5.75,13.75],"rotation":0,"texture":"#0","tintindex":0},"east":{"uv":[12.375,10.375,12.875,11.25],"rotation":0,"texture":"#0","tintindex":0},"north":{"uv":[9.5,12.375,10.0,13.25],"rotation":0,"texture":"#0","tintindex":0},"south":{"uv":[1.625,12.5,2.125,13.375],"rotation":0,"texture":"#0","tintindex":0},"up":{"uv":[13.75,1.875,13.25,1.375],"rotation":0,"texture":"#0","tintindex":0},"west":{"uv":[4.75,12.5,5.25,13.375],"rotation":0,"texture":"#0","tintindex":0}}},{"name":"cube","from":[7.0231905,6.4590807,8.499689],"to":[9.230019,8.66591,10.706518],"rotation":{"angle":-45.0,"axis":"x","origin":[9.59122,6.0177155,8.499689]},"faces":{"down":{"uv":[11.375,13.125,10.875,13.625],"rotation":0,"texture":"#0","tintindex":0},"east":{"uv":[13.125,6.125,13.625,6.625],"rotation":0,"texture":"#0","tintindex":0},"north":{"uv":[13.125,5.5,13.625,6.0],"rotation":0,"texture":"#0","tintindex":0},"south":{"uv":[13.125,7.875,13.625,8.375],"rotation":0,"texture":"#0","tintindex":0},"up":{"uv":[13.625,9.625,13.125,9.125],"rotation":0,"texture":"#0","tintindex":0},"west":{"uv":[13.125,8.5,13.625,9.0],"rotation":0,"texture":"#0","tintindex":0}}}],"display":{"head":{"translation":[0.0,-6.4,0.0],"rotation":[0.0,0.0,0.0],"scale":[3.8095,3.8095,3.8095]}}}