{"textures":{"0":"modelengine:entity/boar_female"},"elements":[{"name":"cube","from":[7.723208,5.7351236,5.9013295],"to":[9.562232,7.0224404,7.556451],"rotation":{"angle":22.5,"axis":"x","origin":[2.3900385,2.572002,4.3215437]},"faces":{"down":{"uv":[7.875,13.5,7.375,13.875],"rotation":0,"texture":"#0","tintindex":0},"east":{"uv":[8.5,14.0,8.875,14.25],"rotation":0,"texture":"#0","tintindex":0},"north":{"uv":[13.875,12.5,14.375,12.75],"rotation":0,"texture":"#0","tintindex":0},"south":{"uv":[13.875,12.875,14.375,13.125],"rotation":0,"texture":"#0","tintindex":0},"up":{"uv":[5.0,13.875,4.5,13.5],"rotation":0,"texture":"#0","tintindex":0},"west":{"uv":[14.0,9.75,14.375,10.0],"rotation":0,"texture":"#0","tintindex":0}}},{"name":"cube","from":[7.90711,6.5621815,5.230527],"to":[9.37833,9.320717,6.701746],"rotation":{"angle":45.0,"axis":"x","origin":[9.37833,3.2512338,4.9727783]},"faces":{"down":{"uv":[11.25,13.75,10.875,14.125],"rotation":0,"texture":"#0","tintindex":0},"east":{"uv":[12.75,13.375,13.125,14.0],"rotation":0,"texture":"#0","tintindex":0},"north":{"uv":[9.25,13.375,9.625,14.0],"rotation":0,"texture":"#0","tintindex":0},"south":{"uv":[13.25,13.375,13.625,14.0],"rotation":0,"texture":"#0","tintindex":0},"up":{"uv":[14.125,9.25,13.75,8.875],"rotation":0,"texture":"#0","tintindex":0},"west":{"uv":[0.0,13.5,0.375,14.125],"rotation":0,"texture":"#0","tintindex":0}}},{"name":"cube","from":[7.5393057,8.242223,7.874138],"to":[9.746134,9.529539,10.632675],"rotation":{"angle":45.0,"axis":"x","origin":[2.757843,8.996889,7.1439133]},"faces":{"down":{"uv":[12.625,12.75,12.125,13.375],"rotation":0,"texture":"#0","tintindex":0},"east":{"uv":[13.625,11.75,14.25,12.0],"rotation":0,"texture":"#0","tintindex":0},"north":{"uv":[5.625,13.875,6.125,14.125],"rotation":0,"texture":"#0","tintindex":0},"south":{"uv":[13.875,10.875,14.375,11.125],"rotation":0,"texture":"#0","tintindex":0},"up":{"uv":[12.0,13.375,11.5,12.75],"rotation":0,"texture":"#0","tintindex":0},"west":{"uv":[13.625,12.125,14.25,12.375],"rotation":0,"texture":"#0","tintindex":0}}}],"display":{"head":{"translation":[0.0,-6.4,0.0],"rotation":[0.0,0.0,0.0],"scale":[3.8095,3.8095,3.8095]}}}