{"textures":{"0":"modelengine:entity/boar_female"},"elements":[{"name":"cube","from":[5.4094734,5.057562,5.793171],"to":[9.854918,8.3678055,10.942438],"rotation":{"angle":0.0,"axis":"x","origin":[6.160976,4.873659,10.206829]},"faces":{"down":{"uv":[6.125,0.0,5.0,1.25],"rotation":0,"texture":"#0","tintindex":0},"east":{"uv":[2.125,8.625,3.375,9.375],"rotation":0,"texture":"#0","tintindex":0},"north":{"uv":[5.0,8.875,6.125,9.625],"rotation":0,"texture":"#0","tintindex":0},"south":{"uv":[9.0,0.0,10.125,0.75],"rotation":0,"texture":"#0","tintindex":0},"up":{"uv":[5.75,5.0,4.625,3.75],"rotation":0,"texture":"#0","tintindex":0},"west":{"uv":[8.625,6.0,9.875,6.75],"rotation":0,"texture":"#0","tintindex":0}}},{"name":"cube","from":[5.0575614,6.712683,-0.09170556],"to":[10.390732,10.390732,2.4829278],"rotation":{"angle":45.0,"axis":"x","origin":[6.160976,6.528781,2.850733]},"faces":{"down":{"uv":[11.0,8.625,9.75,9.25],"rotation":0,"texture":"#0","tintindex":0},"east":{"uv":[3.25,11.75,3.875,12.625],"rotation":0,"texture":"#0","tintindex":0},"north":{"uv":[7.125,3.75,8.375,4.625],"rotation":0,"texture":"#0","tintindex":0},"south":{"uv":[7.25,6.25,8.5,7.125],"rotation":0,"texture":"#0","tintindex":0},"up":{"uv":[5.5,10.375,4.25,9.75],"rotation":0,"texture":"#0","tintindex":0},"west":{"uv":[4.0,11.75,4.625,12.625],"rotation":0,"texture":"#0","tintindex":0}}},{"name":"cube","from":[4.873659,7.6321955,-0.2756083],"to":[10.574634,10.574634,2.4829278],"rotation":{"angle":45.0,"axis":"x","origin":[6.160976,6.528781,2.850733]},"faces":{"down":{"uv":[4.875,8.875,3.5,9.5],"rotation":0,"texture":"#0","tintindex":0},"east":{"uv":[12.25,11.875,12.875,12.625],"rotation":0,"texture":"#0","tintindex":0},"north":{"uv":[7.375,2.375,8.75,3.125],"rotation":0,"texture":"#0","tintindex":0},"south":{"uv":[7.5,0.0,8.875,0.75],"rotation":0,"texture":"#0","tintindex":0},"up":{"uv":[10.25,2.75,8.875,2.125],"rotation":0,"texture":"#0","tintindex":0},"west":{"uv":[5.75,12.375,6.375,13.125],"rotation":0,"texture":"#0","tintindex":0}}},{"name":"cube","from":[4.505854,6.1609764,3.4024398],"to":[10.758535,10.426438,5.4253664],"rotation":{"angle":22.5,"axis":"x","origin":[6.160976,6.528781,2.850733]},"faces":{"down":{"uv":[11.875,2.75,10.375,3.25],"rotation":0,"texture":"#0","tintindex":0},"east":{"uv":[9.625,11.125,10.125,12.25],"rotation":0,"texture":"#0","tintindex":0},"north":{"uv":[1.75,2.5,3.25,3.625],"rotation":0,"texture":"#0","tintindex":0},"south":{"uv":[0.0,2.75,1.5,3.875],"rotation":0,"texture":"#0","tintindex":0},"up":{"uv":[11.875,2.625,10.375,2.125],"rotation":0,"texture":"#0","tintindex":0},"west":{"uv":[1.75,11.25,2.25,12.375],"rotation":0,"texture":"#0","tintindex":0}}},{"name":"cube","from":[4.689757,4.321952,2.1151228],"to":[10.574634,8.735609,6.8965855],"rotation":{"angle":22.5,"axis":"x","origin":[6.160976,4.689757,7.632195]},"faces":{"down":{"uv":[3.0,3.75,1.625,4.875],"rotation":0,"texture":"#0","tintindex":0},"east":{"uv":[5.625,5.125,6.75,6.25],"rotation":0,"texture":"#0","tintindex":0},"north":{"uv":[3.375,2.5,4.75,3.625],"rotation":0,"texture":"#0","tintindex":0},"south":{"uv":[3.5,0.0,4.875,1.125],"rotation":0,"texture":"#0","tintindex":0},"up":{"uv":[4.875,2.375,3.5,1.25],"rotation":0,"texture":"#0","tintindex":0},"west":{"uv":[5.875,3.75,7.0,4.875],"rotation":0,"texture":"#0","tintindex":0}}},{"name":"cube","from":[4.321952,4.1380496,1.9312208],"to":[10.942438,8.919512,7.0804877],"rotation":{"angle":22.5,"axis":"x","origin":[6.160976,4.689757,7.632195]},"faces":{"down":{"uv":[1.625,1.375,0.0,2.625],"rotation":0,"texture":"#0","tintindex":0},"east":{"uv":[4.875,2.5,6.125,3.625],"rotation":0,"texture":"#0","tintindex":0},"north":{"uv":[1.75,0.0,3.375,1.125],"rotation":0,"texture":"#0","tintindex":0},"south":{"uv":[1.75,1.25,3.375,2.375],"rotation":0,"texture":"#0","tintindex":0},"up":{"uv":[1.625,1.25,0.0,0.0],"rotation":0,"texture":"#0","tintindex":0},"west":{"uv":[1.5,5.0,2.75,6.125],"rotation":0,"texture":"#0","tintindex":0}}},{"name":"cube","from":[4.873659,4.5058546,2.2990253],"to":[10.390732,8.551708,6.712683],"rotation":{"angle":22.5,"axis":"x","origin":[6.160976,4.689757,7.632195]},"faces":{"down":{"uv":[1.375,4.0,0.0,5.125],"rotation":0,"texture":"#0","tintindex":0},"east":{"uv":[6.25,0.0,7.375,1.0],"rotation":0,"texture":"#0","tintindex":0},"north":{"uv":[5.0,1.375,6.375,2.375],"rotation":0,"texture":"#0","tintindex":0},"south":{"uv":[0.0,5.25,1.375,6.25],"rotation":0,"texture":"#0","tintindex":0},"up":{"uv":[4.5,4.875,3.125,3.75],"rotation":0,"texture":"#0","tintindex":0},"west":{"uv":[1.5,6.25,2.625,7.25],"rotation":0,"texture":"#0","tintindex":0}}},{"name":"cube","from":[5.6092687,5.9770737,8.183903],"to":[9.655121,9.103415,11.861951],"rotation":{"angle":22.5,"axis":"x","origin":[6.160976,5.057562,10.390732]},"faces":{"down":{"uv":[1.0,8.75,0.0,9.625],"rotation":0,"texture":"#0","tintindex":0},"east":{"uv":[10.75,10.125,11.625,10.875],"rotation":0,"texture":"#0","tintindex":0},"north":{"uv":[10.25,0.0,11.25,0.75],"rotation":0,"texture":"#0","tintindex":0},"south":{"uv":[10.25,4.125,11.25,4.875],"rotation":0,"texture":"#0","tintindex":0},"up":{"uv":[9.625,9.5,8.625,8.625],"rotation":0,"texture":"#0","tintindex":0},"west":{"uv":[0.75,10.875,1.625,11.625],"rotation":0,"texture":"#0","tintindex":0}}},{"name":"cube","from":[5.4253664,6.3448787,8.0],"to":[9.839025,9.655122,10.758535],"rotation":{"angle":22.5,"axis":"x","origin":[6.160976,5.4253664,10.206829]},"faces":{"down":{"uv":[6.875,10.75,5.75,11.375],"rotation":0,"texture":"#0","tintindex":0},"east":{"uv":[12.25,0.0,12.875,0.75],"rotation":0,"texture":"#0","tintindex":0},"north":{"uv":[9.0,4.5,10.125,5.25],"rotation":0,"texture":"#0","tintindex":0},"south":{"uv":[2.125,9.5,3.25,10.25],"rotation":0,"texture":"#0","tintindex":0},"up":{"uv":[11.5,4.0,10.375,3.375],"rotation":0,"texture":"#0","tintindex":0},"west":{"uv":[12.25,4.125,12.875,4.875],"rotation":0,"texture":"#0","tintindex":0}}},{"name":"cube","from":[5.793171,6.528781,5.6092687],"to":[9.47122,11.126341,8.183903],"rotation":{"angle":22.5,"axis":"x","origin":[6.160976,6.528781,7.8160973]},"faces":{"down":{"uv":[8.625,11.75,7.75,12.375],"rotation":0,"texture":"#0","tintindex":0},"east":{"uv":[0.0,10.75,0.625,11.875],"rotation":0,"texture":"#0","tintindex":0},"north":{"uv":[7.625,0.875,8.5,2.0],"rotation":0,"texture":"#0","tintindex":0},"south":{"uv":[3.625,7.625,4.5,8.75],"rotation":0,"texture":"#0","tintindex":0},"up":{"uv":[12.625,7.75,11.75,7.125],"rotation":0,"texture":"#0","tintindex":0},"west":{"uv":[7.0,10.75,7.625,11.875],"rotation":0,"texture":"#0","tintindex":0}}},{"name":"cube","from":[5.793171,7.080488,4.1380496],"to":[9.47122,11.494145,7.632195],"rotation":{"angle":0.0,"axis":"x","origin":[6.160976,7.080488,6.712683]},"faces":{"down":{"uv":[10.875,6.125,10.0,7.0],"rotation":0,"texture":"#0","tintindex":0},"east":{"uv":[5.625,7.625,6.5,8.75],"rotation":0,"texture":"#0","tintindex":0},"north":{"uv":[4.625,7.625,5.5,8.75],"rotation":0,"texture":"#0","tintindex":0},"south":{"uv":[8.0,4.75,8.875,5.875],"rotation":0,"texture":"#0","tintindex":0},"up":{"uv":[0.875,10.625,0.0,9.75],"rotation":0,"texture":"#0","tintindex":0},"west":{"uv":[6.625,8.25,7.5,9.375],"rotation":0,"texture":"#0","tintindex":0}}},{"name":"cube","from":[5.793171,7.080488,4.1380496],"to":[9.47122,11.494145,7.632195],"rotation":{"angle":0.0,"axis":"x","origin":[6.160976,7.080488,6.712683]},"faces":{"down":{"uv":[10.625,10.125,9.75,11.0],"rotation":0,"texture":"#0","tintindex":0},"east":{"uv":[1.125,8.375,2.0,9.5],"rotation":0,"texture":"#0","tintindex":0},"north":{"uv":[7.625,8.25,8.5,9.375],"rotation":0,"texture":"#0","tintindex":0},"south":{"uv":[8.5,3.25,9.375,4.375],"rotation":0,"texture":"#0","tintindex":0},"up":{"uv":[10.875,8.0,10.0,7.125],"rotation":0,"texture":"#0","tintindex":0},"west":{"uv":[8.625,0.875,9.5,2.0],"rotation":0,"texture":"#0","tintindex":0}}},{"name":"cube","from":[5.6092687,7.080488,3.5188494],"to":[9.655121,11.574848,7.528995],