{"file_name":"left_leg2","texture_size":[64,64],"textures":{"21ea7a8e-1d74-75b8-a8e5-ab1f3f73eb2d":"modelengine:entity/tm"},"elements":[{"name":"cube","from":[7.1,7.1,9.805269],"to":[8.9,10.1,11.605269],"rotation":{"angle":-45.0,"axis":"x","origin":[8.45,5.6,11.0]},"faces":{"down":{"uv":[10.0,7.75,9.25,8.5],"rotation":0,"texture":"#21ea7a8e-1d74-75b8-a8e5-ab1f3f73eb2d","tintindex":0},"east":{"uv":[4.25,7.0,5.0,8.25],"rotation":0,"texture":"#21ea7a8e-1d74-75b8-a8e5-ab1f3f73eb2d","tintindex":0},"north":{"uv":[7.0,0.5,7.75,1.75],"rotation":0,"texture":"#21ea7a8e-1d74-75b8-a8e5-ab1f3f73eb2d","tintindex":0},"south":{"uv":[5.0,7.0,5.75,8.25],"rotation":0,"texture":"#21ea7a8e-1d74-75b8-a8e5-ab1f3f73eb2d","tintindex":0},"up":{"uv":[10.0,7.75,9.25,7.0],"rotation":0,"texture":"#21ea7a8e-1d74-75b8-a8e5-ab1f3f73eb2d","tintindex":0},"west":{"uv":[7.0,6.5,7.75,7.75],"rotation":0,"texture":"#21ea7a8e-1d74-75b8-a8e5-ab1f3f73eb2d","tintindex":0}}},{"name":"cube","from":[7.13,4.1,9.205269],"to":[8.93,7.1,10.40527],"rotation":{"angle":0.0,"axis":"x","origin":[8.45,5.6,11.0]},"faces":{"down":{"uv":[2.75,9.75,2.0,10.25],"rotation":0,"texture":"#21ea7a8e-1d74-75b8-a8e5-ab1f3f73eb2d","tintindex":0},"east":{"uv":[4.25,9.25,4.75,10.5],"rotation":0,"texture":"#21ea7a8e-1d74-75b8-a8e5-ab1f3f73eb2d","tintindex":0},"north":{"uv":[7.25,1.75,8.0,3.0],"rotation":0,"texture":"#21ea7a8e-1d74-75b8-a8e5-ab1f3f73eb2d","tintindex":0},"south":{"uv":[7.25,3.0,8.0,4.25],"rotation":0,"texture":"#21ea7a8e-1d74-75b8-a8e5-ab1f3f73eb2d","tintindex":0},"up":{"uv":[2.0,10.25,1.25,9.75],"rotation":0,"texture":"#21ea7a8e-1d74-75b8-a8e5-ab1f3f73eb2d","tintindex":0},"west":{"uv":[4.75,9.25,5.25,10.5],"rotation":0,"texture":"#21ea7a8e-1d74-75b8-a8e5-ab1f3f73eb2d","tintindex":0}}}],"display":{"head":{"translation":[0.0,-6.4,0.0],"rotation":[0.0,0.0,0.0],"scale":[3.8095,3.8095,3.8095]},"gui":{"translation":[0.0,0.0,0.0],"rotation":[35.0,225.0,0.0],"scale":[0.625,0.625,0.625]}}}