{"file_name":"right_arm","texture_size":[64,64],"textures":{"21ea7a8e-1d74-75b8-a8e5-ab1f3f73eb2d":"modelengine:entity/tm"},"elements":[{"name":"cube","from":[7.7999997,5.3999996,7.5],"to":[9.0,9.0,9.299999],"rotation":{"angle":0.0,"axis":"x","origin":[5.3999996,-1.2000008,7.2]},"faces":{"down":{"uv":[10.5,8.25,10.0,9.0],"rotation":0,"texture":"#21ea7a8e-1d74-75b8-a8e5-ab1f3f73eb2d","tintindex":0},"east":{"uv":[1.25,6.0,2.0,7.5],"rotation":0,"texture":"#21ea7a8e-1d74-75b8-a8e5-ab1f3f73eb2d","tintindex":0},"north":{"uv":[8.75,8.0,9.25,9.5],"rotation":0,"texture":"#21ea7a8e-1d74-75b8-a8e5-ab1f3f73eb2d","tintindex":0},"south":{"uv":[0.5,9.25,1.0,10.75],"rotation":0,"texture":"#21ea7a8e-1d74-75b8-a8e5-ab1f3f73eb2d","tintindex":0},"up":{"uv":[10.5,8.25,10.0,7.5],"rotation":0,"texture":"#21ea7a8e-1d74-75b8-a8e5-ab1f3f73eb2d","tintindex":0},"west":{"uv":[2.0,6.0,2.75,7.5],"rotation":0,"texture":"#21ea7a8e-1d74-75b8-a8e5-ab1f3f73eb2d","tintindex":0}}}],"display":{"head":{"translation":[0.0,-6.4,0.0],"rotation":[0.0,0.0,0.0],"scale":[3.8095,3.8095,3.8095]},"gui":{"translation":[0.0,0.0,0.0],"rotation":[35.0,225.0,0.0],"scale":[0.625,0.625,0.625]}}}