{"file_name":"backpack","texture_size":[128,128],"textures":{"a6c38053-67a5-c1a8-a053-9628b1d8390b":"modelengine:entity/iron_pickaxe","e27e11f2-36f0-f0b3-f6bb-7d88ceb79759":"modelengine:entity/goblin_miner"},"elements":[{"name":"cube","from":[4.3999996,-2.8000002,14.0],"to":[11.6,4.3999996,20.600002],"rotation":{"angle":-45.0,"axis":"x","origin":[8.0,-2.8000002,0.7999997]},"faces":{"down":{"uv":[4.375,0.0,2.875,1.375],"rotation":0,"texture":"#e27e11f2-36f0-f0b3-f6bb-7d88ceb79759","tintindex":0},"east":{"uv":[1.5,1.5,2.875,3.0],"rotation":0,"texture":"#e27e11f2-36f0-f0b3-f6bb-7d88ceb79759","tintindex":0},"north":{"uv":[0.0,0.0,1.5,1.5],"rotation":0,"texture":"#e27e11f2-36f0-f0b3-f6bb-7d88ceb79759","tintindex":0},"south":{"uv":[0.0,1.5,1.5,3.0],"rotation":0,"texture":"#e27e11f2-36f0-f0b3-f6bb-7d88ceb79759","tintindex":0},"up":{"uv":[4.375,4.25,2.875,2.875],"rotation":0,"texture":"#e27e11f2-36f0-f0b3-f6bb-7d88ceb79759","tintindex":0},"west":{"uv":[1.5,0.0,2.875,1.5],"rotation":0,"texture":"#e27e11f2-36f0-f0b3-f6bb-7d88ceb79759","tintindex":0}}},{"name":"cube","from":[8.6,6.2,14.6],"to":[9.8,7.4,15.8],"rotation":{"angle":-45.0,"axis":"x","origin":[8.0,-1.6000004,3.1999998]},"faces":{"down":{"uv":[15.75,0.0,16.0,0.25],"rotation":0,"texture":"#e27e11f2-36f0-f0b3-f6bb-7d88ceb79759","tintindex":0},"east":{"uv":[15.75,0.0,16.0,0.125],"rotation":0,"texture":"#e27e11f2-36f0-f0b3-f6bb-7d88ceb79759","tintindex":0},"north":{"uv":[15.75,0.0,16.0,0.125],"rotation":0,"texture":"#e27e11f2-36f0-f0b3-f6bb-7d88ceb79759","tintindex":0},"south":{"uv":[15.75,0.0,16.0,0.125],"rotation":0,"texture":"#e27e11f2-36f0-f0b3-f6bb-7d88ceb79759","tintindex":0},"up":{"uv":[15.75,9.25,16.0,9.5],"rotation":0,"texture":"#e27e11f2-36f0-f0b3-f6bb-7d88ceb79759","tintindex":0},"west":{"uv":[15.75,0.0,16.0,0.125],"rotation":0,"texture":"#e27e11f2-36f0-f0b3-f6bb-7d88ceb79759","tintindex":0}}},{"name":"cube","from":[7.4,6.2,14.6],"to":[8.6,6.8,15.8],"rotation":{"angle":-45.0,"axis":"x","origin":[8.0,-1.6000004,3.1999998]},"faces":{"down":{"uv":[15.75,0.0,16.0,0.25],"rotation":0,"texture":"#e27e11f2-36f0-f0b3-f6bb-7d88ceb79759","tintindex":0},"east":{"uv":[15.75,0.0,16.0,0.125],"rotation":0,"texture":"#e27e11f2-36f0-f0b3-f6bb-7d88ceb79759","tintindex":0},"north":{"uv":[15.75,0.0,16.0,0.125],"rotation":0,"texture":"#e27e11f2-36f0-f0b3-f6bb-7d88ceb79759","tintindex":0},"south":{"uv":[15.75,0.0,16.0,0.125],"rotation":0,"texture":"#e27e11f2-36f0-f0b3-f6bb-7d88ceb79759","tintindex":0},"up":{"uv":[15.75,6.25,16.0,6.5],"rotation":0,"texture":"#e27e11f2-36f0-f0b3-f6bb-7d88ceb79759","tintindex":0},"west":{"uv":[15.75,0.0,16.0,0.125],"rotation":0,"texture":"#e27e11f2-36f0-f0b3-f6bb-7d88ceb79759","tintindex":0}}}],"display":{"head":{"translation":[0.0,-6.4,0.0],"rotation":[0.0,0.0,0.0],"scale":[3.8095,3.8095,3.8095]},"gui":{"translation":[0.0,0.0,0.0],"rotation":[35.0,225.0,0.0],"scale":[0.625,0.625,0.625]}}}