{"file_name":"body","texture_size":[128,128],"textures":{"a6c38053-67a5-c1a8-a053-9628b1d8390b":"modelengine:entity/iron_pickaxe","e27e11f2-36f0-f0b3-f6bb-7d88ceb79759":"modelengine:entity/goblin_miner"},"elements":[{"name":"cube","from":[5.0,0.7999997,9.2],"to":[11.0,8.0,12.8],"rotation":{"angle":-45.0,"axis":"x","origin":[8.0,-0.40000033,-0.40000033]},"faces":{"down":{"uv":[2.25,4.5,1.0,5.25],"rotation":0,"texture":"#e27e11f2-36f0-f0b3-f6bb-7d88ceb79759","tintindex":0},"east":{"uv":[1.25,3.0,2.0,4.5],"rotation":0,"texture":"#e27e11f2-36f0-f0b3-f6bb-7d88ceb79759","tintindex":0},"north":{"uv":[2.875,1.375,4.125,2.875],"rotation":0,"texture":"#e27e11f2-36f0-f0b3-f6bb-7d88ceb79759","tintindex":0},"south":{"uv":[0.0,3.0,1.25,4.5],"rotation":0,"texture":"#e27e11f2-36f0-f0b3-f6bb-7d88ceb79759","tintindex":0},"up":{"uv":[5.625,4.125,4.375,3.375],"rotation":0,"texture":"#e27e11f2-36f0-f0b3-f6bb-7d88ceb79759","tintindex":0},"west":{"uv":[2.0,3.0,2.75,4.5],"rotation":0,"texture":"#e27e11f2-36f0-f0b3-f6bb-7d88ceb79759","tintindex":0}}}],"display":{"head":{"translation":[0.0,-6.4,0.0],"rotation":[0.0,0.0,0.0],"scale":[3.8095,3.8095,3.8095]},"gui":{"translation":[0.0,0.0,0.0],"rotation":[35.0,225.0,0.0],"scale":[0.625,0.625,0.625]}}}