{"file_name":"leftfeet","texture_size":[128,128],"textures":{"a6c38053-67a5-c1a8-a053-9628b1d8390b":"modelengine:entity/iron_pickaxe","e27e11f2-36f0-f0b3-f6bb-7d88ceb79759":"modelengine:entity/goblin_miner"},"elements":[{"name":"cube","from":[11.0,6.8,6.2],"to":[13.400001,8.0,9.2],"rotation":{"angle":0.0,"axis":"x","origin":[8.0,5.6,3.7999997]},"faces":{"down":{"uv":[6.25,6.625,5.75,7.25],"rotation":0,"texture":"#e27e11f2-36f0-f0b3-f6bb-7d88ceb79759","tintindex":0},"east":{"uv":[2.0,6.25,2.625,6.5],"rotation":0,"texture":"#e27e11f2-36f0-f0b3-f6bb-7d88ceb79759","tintindex":0},"north":{"uv":[7.125,6.5,7.625,6.75],"rotation":0,"texture":"#e27e11f2-36f0-f0b3-f6bb-7d88ceb79759","tintindex":0},"south":{"uv":[7.125,6.75,7.625,7.0],"rotation":0,"texture":"#e27e11f2-36f0-f0b3-f6bb-7d88ceb79759","tintindex":0},"up":{"uv":[7.0,5.75,6.5,5.125],"rotation":0,"texture":"#e27e11f2-36f0-f0b3-f6bb-7d88ceb79759","tintindex":0},"west":{"uv":[7.0,5.5,7.625,5.75],"rotation":0,"texture":"#e27e11f2-36f0-f0b3-f6bb-7d88ceb79759","tintindex":0}}}],"display":{"head":{"translation":[0.0,-6.4,0.0],"rotation":[0.0,0.0,0.0],"scale":[3.8095,3.8095,3.8095]},"gui":{"translation":[0.0,0.0,0.0],"rotation":[35.0,225.0,0.0],"scale":[0.625,0.625,0.625]}}}