{"file_name":"rightarm","texture_size":[128,128],"textures":{"a6c38053-67a5-c1a8-a053-9628b1d8390b":"modelengine:entity/iron_pickaxe","e27e11f2-36f0-f0b3-f6bb-7d88ceb79759":"modelengine:entity/goblin_miner"},"elements":[{"name":"cube","from":[6.8,0.19999981,6.8],"to":[8.6,8.6,9.2],"rotation":{"angle":0.0,"axis":"x","origin":[1.9999998,-5.200001,5.6]},"faces":{"down":{"uv":[7.5,1.125,7.125,1.625],"rotation":0,"texture":"#e27e11f2-36f0-f0b3-f6bb-7d88ceb79759","tintindex":0},"east":{"uv":[2.25,4.5,2.75,6.25],"rotation":0,"texture":"#e27e11f2-36f0-f0b3-f6bb-7d88ceb79759","tintindex":0},"north":{"uv":[4.25,5.25,4.625,7.0],"rotation":0,"texture":"#e27e11f2-36f0-f0b3-f6bb-7d88ceb79759","tintindex":0},"south":{"uv":[0.0,5.5,0.375,7.25],"rotation":0,"texture":"#e27e11f2-36f0-f0b3-f6bb-7d88ceb79759","tintindex":0},"up":{"uv":[7.5,7.625,7.125,7.125],"rotation":0,"texture":"#e27e11f2-36f0-f0b3-f6bb-7d88ceb79759","tintindex":0},"west":{"uv":[4.75,4.75,5.25,6.5],"rotation":0,"texture":"#e27e11f2-36f0-f0b3-f6bb-7d88ceb79759","tintindex":0}}}],"display":{"head":{"translation":[0.0,-6.4,0.0],"rotation":[0.0,0.0,0.0],"scale":[3.8095,3.8095,3.8095]},"gui":{"translation":[0.0,0.0,0.0],"rotation":[35.0,225.0,0.0],"scale":[0.625,0.625,0.625]}}}