{"file_name":"body","texture_size":[128,128],"textures":{"fb8986a8-6501-6939-0685-90eb607012e1":"modelengine:entity/tornado"},"elements":[{"name":"cube","from":[3.7999997,8.0,8.0],"to":[12.2,22.400002,8.0],"rotation":{"angle":22.5,"axis":"x","origin":[8.0,8.0,8.0]},"faces":{"down":{"uv":[1.75,0.0,0.0,0.0],"rotation":0,"texture":"#fb8986a8-6501-6939-0685-90eb607012e1","tintindex":0},"east":{"uv":[0.0,0.0,0.0,3.0],"rotation":0,"texture":"#fb8986a8-6501-6939-0685-90eb607012e1","tintindex":0},"north":{"uv":[5.25,0.0,7.0,3.0],"rotation":0,"texture":"#fb8986a8-6501-6939-0685-90eb607012e1","tintindex":0},"south":{"uv":[7.0,0.0,5.25,3.0],"rotation":0,"texture":"#fb8986a8-6501-6939-0685-90eb607012e1","tintindex":0},"up":{"uv":[1.75,0.0,0.0,0.0],"rotation":0,"texture":"#fb8986a8-6501-6939-0685-90eb607012e1","tintindex":0},"west":{"uv":[0.0,0.0,0.0,3.0],"rotation":0,"texture":"#fb8986a8-6501-6939-0685-90eb607012e1","tintindex":0}}},{"name":"cube","from":[8.0,8.0,3.7999997],"to":[8.0,22.400002,12.2],"rotation":{"angle":22.5,"axis":"z","origin":[8.0,8.0,8.0]},"faces":{"down":{"uv":[0.0,0.0,0.0,1.75],"rotation":0,"texture":"#fb8986a8-6501-6939-0685-90eb607012e1","tintindex":0},"east":{"uv":[7.0,0.0,5.25,3.0],"rotation":0,"texture":"#fb8986a8-6501-6939-0685-90eb607012e1","tintindex":0},"north":{"uv":[0.0,0.0,0.0,3.0],"rotation":0,"texture":"#fb8986a8-6501-6939-0685-90eb607012e1","tintindex":0},"south":{"uv":[0.0,0.0,0.0,3.0],"rotation":0,"texture":"#fb8986a8-6501-6939-0685-90eb607012e1","tintindex":0},"up":{"uv":[0.0,1.75,0.0,0.0],"rotation":0,"texture":"#fb8986a8-6501-6939-0685-90eb607012e1","tintindex":0},"west":{"uv":[5.25,0.0,7.0,3.0],"rotation":0,"texture":"#fb8986a8-6501-6939-0685-90eb607012e1","tintindex":0}}},{"name":"cube","from":[3.7999997,8.0,8.0],"to":[12.2,22.400002,8.0],"rotation":{"angle":-22.5,"axis":"x","origin":[8.0,8.0,8.0]},"faces":{"down":{"uv":[1.75,0.0,0.0,0.0],"rotation":0,"texture":"#fb8986a8-6501-6939-0685-90eb607012e1","tintindex":0},"east":{"uv":[0.0,0.0,0.0,3.0],"rotation":0,"texture":"#fb8986a8-6501-6939-0685-90eb607012e1","tintindex":0},"north":{"uv":[5.25,0.0,7.0,3.0],"rotation":0,"texture":"#fb8986a8-6501-6939-0685-90eb607012e1","tintindex":0},"south":{"uv":[7.0,0.0,5.25,3.0],"rotation":0,"texture":"#fb8986a8-6501-6939-0685-90eb607012e1","tintindex":0},"up":{"uv":[1.75,0.0,0.0,0.0],"rotation":0,"texture":"#fb8986a8-6501-6939-0685-90eb607012e1","tintindex":0},"west":{"uv":[0.0,0.0,0.0,3.0],"rotation":0,"texture":"#fb8986a8-6501-6939-0685-90eb607012e1","tintindex":0}}},{"name":"cube","from":[8.0,8.0,3.7999997],"to":[8.0,22.400002,12.2],"rotation":{"angle":-22.5,"axis":"z","origin":[8.0,8.0,8.0]},"faces":{"down":{"uv":[0.0,0.0,0.0,1.75],"rotation":0,"texture":"#fb8986a8-6501-6939-0685-90eb607012e1","tintindex":0},"east":{"uv":[5.25,0.0,7.0,3.0],"rotation":0,"texture":"#fb8986a8-6501-6939-0685-90eb607012e1","tintindex":0},"north":{"uv":[0.0,0.0,0.0,3.0],"rotation":0,"texture":"#fb8986a8-6501-6939-0685-90eb607012e1","tintindex":0},"south":{"uv":[0.0,0.0,0.0,3.0],"rotation":0,"texture":"#fb8986a8-6501-6939-0685-90eb607012e1","tintindex":0},"up":{"uv":[0.0,1.75,0.0,0.0],"rotation":0,"texture":"#fb8986a8-6501-6939-0685-90eb607012e1","tintindex":0},"west":{"uv":[7.0,0.0,5.25,3.0],"rotation":0,"texture":"#fb8986a8-6501-6939-0685-90eb607012e1","tintindex":0}}}],"display":{"head":{"translation":[0.0,-6.4,0.0],"rotation":[0.0,0.0,0.0],"scale":[3.8095,3.8095,3.8095]},"gui":{"translation":[0.0,0.0,0.0],"rotation":[35.0,225.0,0.0],"scale":[0.625,0.625,0.625]}}}