{"file_name":"la","texture_size":[64,64],"textures":{"06e906c4-cdd5-823f-ea54-c6cf9a8ea01a":"modelengine:entity/texture"},"elements":[{"name":"cube","from":[6.8,-0.43310118,11.951575],"to":[8.6,6.766899,13.751575],"rotation":{"angle":-22.5,"axis":"x","origin":[2.6,-5.8331013,4.7515745]},"faces":{"down":{"uv":[13.5,1.5,12.75,2.25],"rotation":0,"texture":"#06e906c4-cdd5-823f-ea54-c6cf9a8ea01a","tintindex":0},"east":{"uv":[3.25,5.25,4.0,8.25],"rotation":0,"texture":"#06e906c4-cdd5-823f-ea54-c6cf9a8ea01a","tintindex":0},"north":{"uv":[2.5,5.25,3.25,8.25],"rotation":0,"texture":"#06e906c4-cdd5-823f-ea54-c6cf9a8ea01a","tintindex":0},"south":{"uv":[4.0,5.25,4.75,8.25],"rotation":0,"texture":"#06e906c4-cdd5-823f-ea54-c6cf9a8ea01a","tintindex":0},"up":{"uv":[13.5,1.5,12.75,0.75],"rotation":0,"texture":"#06e906c4-cdd5-823f-ea54-c6cf9a8ea01a","tintindex":0},"west":{"uv":[4.75,5.25,5.5,8.25],"rotation":0,"texture":"#06e906c4-cdd5-823f-ea54-c6cf9a8ea01a","tintindex":0}}}],"display":{"head":{"translation":[0.0,-6.4,0.0],"rotation":[0.0,0.0,0.0],"scale":[3.8095,3.8095,3.8095]},"gui":{"translation":[0.0,0.0,0.0],"rotation":[35.0,225.0,0.0],"scale":[0.625,0.625,0.625]}}}