{"file_name":"mouth","texture_size":[64,64],"textures":{"06e906c4-cdd5-823f-ea54-c6cf9a8ea01a":"modelengine:entity/texture"},"elements":[{"name":"cube","from":[6.2,11.223549,18.927921],"to":[9.8,11.823549,20.727924],"rotation":{"angle":-45.0,"axis":"x","origin":[8.0,-5.5764503,18.927921]},"faces":{"down":{"uv":[1.0,12.25,0.0,13.0],"rotation":0,"texture":"#06e906c4-cdd5-823f-ea54-c6cf9a8ea01a","tintindex":0},"east":{"uv":[11.75,10.0,12.5,10.25],"rotation":0,"texture":"#06e906c4-cdd5-823f-ea54-c6cf9a8ea01a","tintindex":0},"north":{"uv":[12.5,10.75,13.5,11.0],"rotation":0,"texture":"#06e906c4-cdd5-823f-ea54-c6cf9a8ea01a","tintindex":0},"south":{"uv":[12.75,2.25,13.75,2.5],"rotation":0,"texture":"#06e906c4-cdd5-823f-ea54-c6cf9a8ea01a","tintindex":0},"up":{"uv":[12.5,7.25,11.5,6.5],"rotation":0,"texture":"#06e906c4-cdd5-823f-ea54-c6cf9a8ea01a","tintindex":0},"west":{"uv":[12.75,2.5,13.5,2.75],"rotation":0,"texture":"#06e906c4-cdd5-823f-ea54-c6cf9a8ea01a","tintindex":0}}}],"display":{"head":{"translation":[0.0,-6.4,0.0],"rotation":[0.0,0.0,0.0],"scale":[3.8095,3.8095,3.8095]},"gui":{"translation":[0.0,0.0,0.0],"rotation":[35.0,225.0,0.0],"scale":[0.625,0.625,0.625]}}}