{"file_name":"ra","texture_size":[64,64],"textures":{"06e906c4-cdd5-823f-ea54-c6cf9a8ea01a":"modelengine:entity/texture"},"elements":[{"name":"cube","from":[8.0,-0.43310118,11.951575],"to":[9.8,6.766899,13.751575],"rotation":{"angle":-22.5,"axis":"x","origin":[3.7999997,-5.8331013,4.7515745]},"faces":{"down":{"uv":[8.25,12.75,7.5,13.5],"rotation":0,"texture":"#06e906c4-cdd5-823f-ea54-c6cf9a8ea01a","tintindex":0},"east":{"uv":[1.5,6.75,2.25,9.75],"rotation":0,"texture":"#06e906c4-cdd5-823f-ea54-c6cf9a8ea01a","tintindex":0},"north":{"uv":[0.75,6.75,1.5,9.75],"rotation":0,"texture":"#06e906c4-cdd5-823f-ea54-c6cf9a8ea01a","tintindex":0},"south":{"uv":[7.0,0.0,7.75,3.0],"rotation":0,"texture":"#06e906c4-cdd5-823f-ea54-c6cf9a8ea01a","tintindex":0},"up":{"uv":[13.5,8.0,12.75,7.25],"rotation":0,"texture":"#06e906c4-cdd5-823f-ea54-c6cf9a8ea01a","tintindex":0},"west":{"uv":[7.0,3.0,7.75,6.0],"rotation":0,"texture":"#06e906c4-cdd5-823f-ea54-c6cf9a8ea01a","tintindex":0}}}],"display":{"head":{"translation":[0.0,-6.4,0.0],"rotation":[0.0,0.0,0.0],"scale":[3.8095,3.8095,3.8095]},"gui":{"translation":[0.0,0.0,0.0],"rotation":[35.0,225.0,0.0],"scale":[0.625,0.625,0.625]}}}