{"file_name":"rl","texture_size":[64,64],"textures":{"06e906c4-cdd5-823f-ea54-c6cf9a8ea01a":"modelengine:entity/texture"},"elements":[{"name":"cube","from":[6.8599997,-0.5757363,4.7816234],"to":[8.66,1.2242637,8.981623],"rotation":{"angle":0.0,"axis":"x","origin":[9.8,0.62426376,12.581623]},"faces":{"down":{"uv":[11.0,11.0,10.25,12.75],"rotation":0,"texture":"#06e906c4-cdd5-823f-ea54-c6cf9a8ea01a","tintindex":0},"east":{"uv":[11.0,2.0,12.75,2.75],"rotation":0,"texture":"#06e906c4-cdd5-823f-ea54-c6cf9a8ea01a","tintindex":0},"north":{"uv":[12.5,4.25,13.25,5.0],"rotation":0,"texture":"#06e906c4-cdd5-823f-ea54-c6cf9a8ea01a","tintindex":0},"south":{"uv":[12.5,5.0,13.25,5.75],"rotation":0,"texture":"#06e906c4-cdd5-823f-ea54-c6cf9a8ea01a","tintindex":0},"up":{"uv":[10.25,12.75,9.5,11.0],"rotation":0,"texture":"#06e906c4-cdd5-823f-ea54-c6cf9a8ea01a","tintindex":0},"west":{"uv":[11.0,7.25,12.75,8.0],"rotation":0,"texture":"#06e906c4-cdd5-823f-ea54-c6cf9a8ea01a","tintindex":0}}},{"name":"cube","from":[6.8599997,2.5272074,-0.30954576],"to":[8.66,9.127208,1.4904544],"rotation":{"angle":45.0,"axis":"x","origin":[9.8,-0.47279286,3.8904545]},"faces":{"down":{"uv":[13.25,5.75,12.5,6.5],"rotation":0,"texture":"#06e906c4-cdd5-823f-ea54-c6cf9a8ea01a","tintindex":0},"east":{"uv":[6.5,9.0,7.25,11.75],"rotation":0,"texture":"#06e906c4-cdd5-823f-ea54-c6cf9a8ea01a","tintindex":0},"north":{"uv":[8.5,8.25,9.25,11.0],"rotation":0,"texture":"#06e906c4-cdd5-823f-ea54-c6cf9a8ea01a","tintindex":0},"south":{"uv":[7.25,9.0,8.0,11.75],"rotation":0,"texture":"#06e906c4-cdd5-823f-ea54-c6cf9a8ea01a","tintindex":0},"up":{"uv":[6.0,13.25,5.25,12.5],"rotation":0,"texture":"#06e906c4-cdd5-823f-ea54-c6cf9a8ea01a","tintindex":0},"west":{"uv":[9.25,0.0,10.0,2.75],"rotation":0,"texture":"#06e906c4-cdd5-823f-ea54-c6cf9a8ea01a","tintindex":0}}},{"name":"cube","from":[6.8599997,3.7999995,8.6],"to":[8.66,9.8,10.4],"rotation":{"angle":-45.0,"axis":"x","origin":[9.8,0.7999997,12.8]},"faces":{"down":{"uv":[13.25,10.0,12.5,10.75],"rotation":0,"texture":"#06e906c4-cdd5-823f-ea54-c6cf9a8ea01a","tintindex":0},"east":{"uv":[0.0,9.75,0.75,12.25],"rotation":0,"texture":"#06e906c4-cdd5-823f-ea54-c6cf9a8ea01a","tintindex":0},"north":{"uv":[4.5,9.5,5.25,12.0],"rotation":0,"texture":"#06e906c4-cdd5-823f-ea54-c6cf9a8ea01a","tintindex":0},"south":{"uv":[0.75,9.75,1.5,12.25],"rotation":0,"texture":"#06e906c4-cdd5-823f-ea54-c6cf9a8ea01a","tintindex":0},"up":{"uv":[13.25,7.25,12.5,6.5],"rotation":0,"texture":"#06e906c4-cdd5-823f-ea54-c6cf9a8ea01a","tintindex":0},"west":{"uv":[1.5,9.75,2.25,12.25],"rotation":0,"texture":"#06e906c4-cdd5-823f-ea54-c6cf9a8ea01a","tintindex":0}}},{"name":"cube","from":[6.2,6.727207,7.4904547],"to":[8.6,10.327208,10.490455],"rotation":{"angle":0.0,"axis":"x","origin":[5.6,-0.47279286,3.8904545]},"faces":{"down":{"uv":[12.5,2.75,11.5,4.0],"rotation":0,"texture":"#06e906c4-cdd5-823f-ea54-c6cf9a8ea01a","tintindex":0},"east":{"uv":[9.25,4.25,10.5,5.75],"rotation":0,"texture":"#06e906c4-cdd5-823f-ea54-c6cf9a8ea01a","tintindex":0},"north":{"uv":[10.5,2.75,11.5,4.25],"rotation":0,"texture":"#06e906c4-cdd5-823f-ea54-c6cf9a8ea01a","tintindex":0},"south":{"uv":[10.5,4.25,11.5,5.75],"rotation":0,"texture":"#06e906c4-cdd5-823f-ea54-c6cf9a8ea01a","tintindex":0},"up":{"uv":[12.5,1.25,11.5,0.0],"rotation":0,"texture":"#06e906c4-cdd5-823f-ea54-c6cf9a8ea01a","tintindex":0},"west":{"uv":[9.25,5.75,10.5,7.25],"rotation":0,"texture":"#06e906c4-cdd5-823f-ea54-c6cf9a8ea01a","tintindex":0}}}],"display":{"head":{"translation":[0.0,-6.4,0.0],"rotation":[0.0,0.0,0.0],"scale":[3.8095,3.8095,3.8095]},"gui":{"translation":[0.0,0.0,0.0],"rotation":[35.0,225.0,0.0],"scale":[0.625,0.625,0.625]}}}