{"file_name":"body","texture_size":[128,128],"textures":{"0bbbba36-22d9-f9d3-a011-15f17897d787":"modelengine:entity/tree"},"elements":[{"name":"cube","from":[8.0,-10.0,-1.0000005],"to":[14.0,-4.0,5.0],"rotation":{"angle":0.0,"axis":"x","origin":[23.600002,-37.6,21.8]},"faces":{"down":{"uv":[4.0,0.0,8.0,4.0],"rotation":0,"texture":"#0bbbba36-22d9-f9d3-a011-15f17897d787","tintindex":0},"east":{"uv":[4.0,0.0,8.0,4.0],"rotation":0,"texture":"#0bbbba36-22d9-f9d3-a011-15f17897d787","tintindex":0},"north":{"uv":[4.0,0.0,8.0,4.0],"rotation":0,"texture":"#0bbbba36-22d9-f9d3-a011-15f17897d787","tintindex":0},"south":{"uv":[4.0,0.0,8.0,4.0],"rotation":0,"texture":"#0bbbba36-22d9-f9d3-a011-15f17897d787","tintindex":0},"up":{"uv":[4.0,0.0,8.0,4.0],"rotation":0,"texture":"#0bbbba36-22d9-f9d3-a011-15f17897d787","tintindex":0},"west":{"uv":[4.0,0.0,8.0,4.0],"rotation":0,"texture":"#0bbbba36-22d9-f9d3-a011-15f17897d787","tintindex":0}}},{"name":"cube","from":[1.9999995,-10.0,-7.000001],"to":[8.0,-4.0,-1.0000005],"rotation":{"angle":0.0,"axis":"x","origin":[23.600002,-37.6,21.8]},"faces":{"down":{"uv":[4.0,0.0,8.0,4.0],"rotation":0,"texture":"#0bbbba36-22d9-f9d3-a011-15f17897d787","tintindex":0},"east":{"uv":[4.0,0.0,8.0,4.0],"rotation":0,"texture":"#0bbbba36-22d9-f9d3-a011-15f17897d787","tintindex":0},"north":{"uv":[4.0,0.0,8.0,4.0],"rotation":0,"texture":"#0bbbba36-22d9-f9d3-a011-15f17897d787","tintindex":0},"south":{"uv":[4.0,0.0,8.0,4.0],"rotation":0,"texture":"#0bbbba36-22d9-f9d3-a011-15f17897d787","tintindex":0},"up":{"uv":[4.0,0.0,8.0,4.0],"rotation":0,"texture":"#0bbbba36-22d9-f9d3-a011-15f17897d787","tintindex":0},"west":{"uv":[4.0,0.0,8.0,4.0],"rotation":0,"texture":"#0bbbba36-22d9-f9d3-a011-15f17897d787","tintindex":0}}},{"name":"cube","from":[1.9999995,-4.0,-1.0000005],"to":[8.0,2.0000038,5.0],"rotation":{"angle":0.0,"axis":"x","origin":[23.600002,-37.6,21.8]},"faces":{"down":{"uv":[4.0,0.0,8.0,4.0],"rotation":0,"texture":"#0bbbba36-22d9-f9d3-a011-15f17897d787","tintindex":0},"east":{"uv":[4.0,0.0,8.0,4.0],"rotation":0,"texture":"#0bbbba36-22d9-f9d3-a011-15f17897d787","tintindex":0},"north":{"uv":[4.0,0.0,8.0,4.0],"rotation":0,"texture":"#0bbbba36-22d9-f9d3-a011-15f17897d787","tintindex":0},"south":{"uv":[4.0,0.0,8.0,4.0],"rotation":0,"texture":"#0bbbba36-22d9-f9d3-a011-15f17897d787","tintindex":0},"up":{"uv":[4.0,0.0,8.0,4.0],"rotation":0,"texture":"#0bbbba36-22d9-f9d3-a011-15f17897d787","tintindex":0},"west":{"uv":[4.0,0.0,8.0,4.0],"rotation":0,"texture":"#0bbbba36-22d9-f9d3-a011-15f17897d787","tintindex":0}}},{"name":"cube","from":[1.9999995,-4.0,-7.000001],"to":[8.0,2.0000038,-1.0000005],"rotation":{"angle":0.0,"axis":"x","origin":[23.600002,-37.6,21.8]},"faces":{"down":{"uv":[4.0,0.0,8.0,4.0],"rotation":0,"texture":"#0bbbba36-22d9-f9d3-a011-15f17897d787","tintindex":0},"east":{"uv":[4.0,0.0,8.0,4.0],"rotation":0,"texture":"#0bbbba36-22d9-f9d3-a011-15f17897d787","tintindex":0},"north":{"uv":[4.0,0.0,8.0,4.0],"rotation":0,"texture":"#0bbbba36-22d9-f9d3-a011-15f17897d787","tintindex":0},"south":{"uv":[4.0,0.0,8.0,4.0],"rotation":0,"texture":"#0bbbba36-22d9-f9d3-a011-15f17897d787","tintindex":0},"up":{"uv":[4.0,0.0,8.0,4.0],"rotation":0,"texture":"#0bbbba36-22d9-f9d3-a011-15f17897d787","tintindex":0},"west":{"uv":[4.0,0.0,8.0,4.0],"rotation":0,"texture":"#0bbbba36-22d9-f9d3-a011-15f17897d787","tintindex":0}}},{"name":"cube","from":[1.9999995,2.0000038,-1.0000005],"to":[8.0,8.000004,5.0],"rotation":{"angle":0.0,"axis":"x","origin":[23.600002,-37.6,21.8]},"faces":{"down":{"uv":[4.0,0.0,8.0,4.0],"rotation":0,"texture":"#0bbbba36-22d9-f9d3-a011-15f17897d787","tintindex":0},"east":{"uv":[4.0,0.0,8.0,4.0],"rotation":0,"texture":"#0bbbba36-22d9-f9d3-a011-15f17897d787","tintindex":0},"north":{"uv":[4.0,0.0,8.0,4.0],"rotation":0,"texture":"#0bbbba36-22d9-f9d3-a011-15f17897d787","tintindex":0},"south":{"uv":[4.0,0.0,8.0,4.0],"rotation":0,"texture":"#0bbbba36-22d9-f9d3-a011-15f17897d787","tintindex":0},"up":{"uv":[4.0,0.0,8.0,4.0],"rotation":0,"texture":"#0bbbba36-22d9-f9d3-a011-15f17897d787","tintindex":0},"west":{"uv":[4.0,0.0,8.0,4.0],"rotation":0,"texture":"#0bbbba36-22d9-f9d3-a011-15f17897d787","tintindex":0}}},{"name":"cube","from":[1.9999995,2.0000038,-7.000001],"to":[8.0,8.000004,-1.0000005],"rotation":{"angle":0.0,"axis":"x","origin":[23.600002,-37.6,21.8]},"faces":{"down":{"uv":[4.0,0.0,8.0,4.0],"rotation":0,"texture":"#0bbbba36-22d9-f9d3-a011-15f17897d787","tintindex":0},"east":{"uv":[4.0,0.0,8.0,4.0],"rotation":0,"texture":"#0bbbba36-22d9-f9d3-a011-15f17897d787","tintindex":0},"north":{"uv":[4.0,0.0,8.0,4.0],"rotation":0,"texture":"#0bbbba36-22d9-f9d3-a011-15f17897d787","tintindex":0},"south":{"uv":[4.0,0.0,8.0,4.0],"rotation":0,"texture":"#0bbbba36-22d9-f9d3-a011-15f17897d787","tintindex":0},"up":{"uv":[4.0,0.0,8.0,4.0],"rotation":0,"texture":"#0bbbba36-22d9-f9d3-a011-15f17897d787","tintindex":0},"west":{"uv":[4.0,0.0,8.0,4.0],"rotation":0,"texture":"#0bbbba36-22d9-f9d3-a011-15f17897d787","tintindex":0}}},{"name":"cube","from":[-4.000001,8.000004,-1.0000005],"to":[1.9999995,14.000004,5.0],"rotation":{"angle":0.0,"axis":"x","origin":[23.600002,-37.6,21.8]},"faces":{"down":{"uv":[4.0,0.0,8.0,4.0],"rotation":0,"texture":"#0bbbba36-22d9-f9d3-a011-15f17897d787","tintindex":0},"east":{"uv":[4.0,0.0,8.0,4.0],"rotation":0,"texture":"#0bbbba36-22d9-f9d3-a011-15f17897d787","tintindex":0},"north":{"uv":[4.0,0.0,8.0,4.0],"rotation":0,"texture":"#0bbbba36-22d9-f9d3-a011-15f17897d787","tintindex":0},"south":{"uv":[4.0,0.0,8.0,4.0],"rotation":0,"texture":"#0bbbba36-22d9-f9d3-a011-15f17897d787","tintindex":0},"up":{"uv":[4.0,0.0,8.0,4.0],"rotation":0,"texture":"#0bbbba36-22d9-f9d3-a011-15f17897d787","tintindex":0},"west":{"uv":[4.0,0.0,8.0,4.0],"rotation":0,"texture":"#0bbbba36-22d9-f9d3-a011-15f17897d787","tintindex":0}}},{"name":"cube","from":[1.9999995,8.000004,-1.0000005],"to":[8.0,14.000004,5.0],"rotation":{"angle":0.0,"axis":"x","origin":[23.600002,-37.6,21.8]},"faces":{"down":{"uv":[4.0,0.0,8.0,4.0],"rotation":0,"texture":"#0bbbba36-22d9-f9d3-a011-15f17897d787","tintindex":0},"east":{"uv":[4.0,0.0,8.0,4.0],"rotation":0,"texture":"#0bbbba36-22d9-f9d3-a011-15f17897d787","tintindex":0},"north":{"uv":[4.0,0.0,8.0,4.0],"rotation":0,"texture":"#0bbbba36-22d9-f9d3-a011-15f17897d787","tintindex":0},"south":{"uv":[4.0,0.0,8.0,4.0],"rotation":0,"texture":"#0bbbba36-22d9-f9d3-a011-15f17897d787","tintindex":0},"up":{"uv":[4.0,0.0,8.0,4.0],"rotation":0,"texture":"#0bbbba36-22d9-f9d3-a011-15f17897d787","tintindex":0},"west":{"uv":[4.0,0.0,8.0,4.0],"rotation":0,"texture":"#0bbbba36-22d9-f9d3-a011-15f17897d787","tintindex":0}}},{"name":"cube","from":[-16.0,14.000004,-1.0000005],"to":[-10.000001,20.000004,5.0],"rotation":{"angle":0.0,"axis":"x","origin":[23.600002,-37.6,21.8]},"faces":{"down":{"uv":[4.0,0.0,8.0,4.0],"rotation":0,"texture":"#0bbbba36-22d9-f9d3-a011-15f17897d787","tintindex":0},"east":{"uv":[4.0,0.0,8.0,4.0],"rotation":0,"texture":"#0bbbba36-22d9-f9d3-a011-15f17897d787","tintindex":0},"north":{"uv":[4.0,0.0,8.0,4.0],"rotation":0,"texture":"#0bbbba36-22d9-f9d3-a011-15f17897d787","tintindex":0},"south":{"uv":[4.0,0.0,8.0,4.0],"rotation":0,"texture":"#0bbbba36-22d9-f9d3-a011-15f17897d787","tintindex":0},"up":{"uv":[4.0,0.0,8.0,4.0],"rotation":0,"texture":"#0bbbba36-22d9-f9d3-a011-15f17897d787","tintindex":0},"west":{"uv":[4.0,0.0,8.0,4.0],"rotation":0,"texture":"#0bbbba36-22d9-f9d3-a011-15f17897d787","tintindex":0}}},{"name":"cube","from":[-4.000001,14.000004,-1.0000005],"to":[1.9999995,20.000004,5.0],"rotation":{"angle":0.0,"axis":"x","origin":[23.600002,-37.6,21.8]},"faces":{"down":{"uv":[4.0,0.0,8.0,4.0],"rotation":0,"texture":"#0bbbba36-22d9-f9d3-a011-15f17897d787","tintindex":0},"east":{"uv":[4.0,0.0,8.0,4.0],"rotation":0,"texture":"#0bbbba36-22d9-f9d3-a011-15f17897d787","tintindex":0},"north":{"uv":[4.0,0.0,8.0,4.0],"rotation":0,"texture":"#0bbbba36-22d9-f9d3-a011-15f17897d787","tintindex":0},"south":{"uv":[4.0,0.0,8.0,4.0],"rotation":0,