{"file_name":"bone6","texture_size":[128,128],"textures":{"0bbbba36-22d9-f9d3-a011-15f17897d787":"modelengine:entity/tree"},"elements":[{"name":"cube","from":[10.571428,1.9999998,0.28571367],"to":[16.571428,8.0,6.285714],"rotation":{"angle":0.0,"axis":"x","origin":[32.17143,-62.2,23.085716]},"faces":{"down":{"uv":[0.0,4.0,4.0,8.0],"rotation":0,"texture":"#0bbbba36-22d9-f9d3-a011-15f17897d787","tintindex":0},"east":{"uv":[0.0,4.0,4.0,8.0],"rotation":0,"texture":"#0bbbba36-22d9-f9d3-a011-15f17897d787","tintindex":0},"north":{"uv":[0.0,4.0,4.0,8.0],"rotation":0,"texture":"#0bbbba36-22d9-f9d3-a011-15f17897d787","tintindex":0},"south":{"uv":[0.0,4.0,4.0,8.0],"rotation":0,"texture":"#0bbbba36-22d9-f9d3-a011-15f17897d787","tintindex":0},"up":{"uv":[0.0,4.0,4.0,8.0],"rotation":0,"texture":"#0bbbba36-22d9-f9d3-a011-15f17897d787","tintindex":0},"west":{"uv":[0.0,4.0,4.0,8.0],"rotation":0,"texture":"#0bbbba36-22d9-f9d3-a011-15f17897d787","tintindex":0}}},{"name":"cube","from":[10.571428,8.0,12.285714],"to":[16.571428,14.0,18.285713],"rotation":{"angle":0.0,"axis":"x","origin":[32.17143,-62.2,23.085716]},"faces":{"down":{"uv":[0.0,4.0,4.0,8.0],"rotation":0,"texture":"#0bbbba36-22d9-f9d3-a011-15f17897d787","tintindex":0},"east":{"uv":[0.0,4.0,4.0,8.0],"rotation":0,"texture":"#0bbbba36-22d9-f9d3-a011-15f17897d787","tintindex":0},"north":{"uv":[0.0,4.0,4.0,8.0],"rotation":0,"texture":"#0bbbba36-22d9-f9d3-a011-15f17897d787","tintindex":0},"south":{"uv":[0.0,4.0,4.0,8.0],"rotation":0,"texture":"#0bbbba36-22d9-f9d3-a011-15f17897d787","tintindex":0},"up":{"uv":[0.0,4.0,4.0,8.0],"rotation":0,"texture":"#0bbbba36-22d9-f9d3-a011-15f17897d787","tintindex":0},"west":{"uv":[0.0,4.0,4.0,8.0],"rotation":0,"texture":"#0bbbba36-22d9-f9d3-a011-15f17897d787","tintindex":0}}},{"name":"cube","from":[10.571428,8.0,6.285714],"to":[16.571428,14.0,12.285714],"rotation":{"angle":0.0,"axis":"x","origin":[32.17143,-62.2,23.085716]},"faces":{"down":{"uv":[0.0,4.0,4.0,8.0],"rotation":0,"texture":"#0bbbba36-22d9-f9d3-a011-15f17897d787","tintindex":0},"east":{"uv":[0.0,4.0,4.0,8.0],"rotation":0,"texture":"#0bbbba36-22d9-f9d3-a011-15f17897d787","tintindex":0},"north":{"uv":[0.0,4.0,4.0,8.0],"rotation":0,"texture":"#0bbbba36-22d9-f9d3-a011-15f17897d787","tintindex":0},"south":{"uv":[0.0,4.0,4.0,8.0],"rotation":0,"texture":"#0bbbba36-22d9-f9d3-a011-15f17897d787","tintindex":0},"up":{"uv":[0.0,4.0,4.0,8.0],"rotation":0,"texture":"#0bbbba36-22d9-f9d3-a011-15f17897d787","tintindex":0},"west":{"uv":[0.0,4.0,4.0,8.0],"rotation":0,"texture":"#0bbbba36-22d9-f9d3-a011-15f17897d787","tintindex":0}}},{"name":"cube","from":[10.571428,8.0,0.28571367],"to":[16.571428,14.0,6.285714],"rotation":{"angle":0.0,"axis":"x","origin":[32.17143,-62.2,23.085716]},"faces":{"down":{"uv":[0.0,4.0,4.0,8.0],"rotation":0,"texture":"#0bbbba36-22d9-f9d3-a011-15f17897d787","tintindex":0},"east":{"uv":[0.0,4.0,4.0,8.0],"rotation":0,"texture":"#0bbbba36-22d9-f9d3-a011-15f17897d787","tintindex":0},"north":{"uv":[0.0,4.0,4.0,8.0],"rotation":0,"texture":"#0bbbba36-22d9-f9d3-a011-15f17897d787","tintindex":0},"south":{"uv":[0.0,4.0,4.0,8.0],"rotation":0,"texture":"#0bbbba36-22d9-f9d3-a011-15f17897d787","tintindex":0},"up":{"uv":[0.0,4.0,4.0,8.0],"rotation":0,"texture":"#0bbbba36-22d9-f9d3-a011-15f17897d787","tintindex":0},"west":{"uv":[0.0,4.0,4.0,8.0],"rotation":0,"texture":"#0bbbba36-22d9-f9d3-a011-15f17897d787","tintindex":0}}},{"name":"cube","from":[10.571428,8.0,-5.714287],"to":[16.571428,14.0,0.28571367],"rotation":{"angle":0.0,"axis":"x","origin":[32.17143,-62.2,23.085716]},"faces":{"down":{"uv":[0.0,4.0,4.0,8.0],"rotation":0,"texture":"#0bbbba36-22d9-f9d3-a011-15f17897d787","tintindex":0},"east":{"uv":[0.0,4.0,4.0,8.0],"rotation":0,"texture":"#0bbbba36-22d9-f9d3-a011-15f17897d787","tintindex":0},"north":{"uv":[0.0,4.0,4.0,8.0],"rotation":0,"texture":"#0bbbba36-22d9-f9d3-a011-15f17897d787","tintindex":0},"south":{"uv":[0.0,4.0,4.0,8.0],"rotation":0,"texture":"#0bbbba36-22d9-f9d3-a011-15f17897d787","tintindex":0},"up":{"uv":[0.0,4.0,4.0,8.0],"rotation":0,"texture":"#0bbbba36-22d9-f9d3-a011-15f17897d787","tintindex":0},"west":{"uv":[0.0,4.0,4.0,8.0],"rotation":0,"texture":"#0bbbba36-22d9-f9d3-a011-15f17897d787","tintindex":0}}},{"name":"cube","from":[4.571428,8.0,12.285714],"to":[10.571428,14.0,18.285713],"rotation":{"angle":0.0,"axis":"x","origin":[32.17143,-62.2,23.085716]},"faces":{"down":{"uv":[0.0,4.0,4.0,8.0],"rotation":0,"texture":"#0bbbba36-22d9-f9d3-a011-15f17897d787","tintindex":0},"east":{"uv":[0.0,4.0,4.0,8.0],"rotation":0,"texture":"#0bbbba36-22d9-f9d3-a011-15f17897d787","tintindex":0},"north":{"uv":[0.0,4.0,4.0,8.0],"rotation":0,"texture":"#0bbbba36-22d9-f9d3-a011-15f17897d787","tintindex":0},"south":{"uv":[0.0,4.0,4.0,8.0],"rotation":0,"texture":"#0bbbba36-22d9-f9d3-a011-15f17897d787","tintindex":0},"up":{"uv":[0.0,4.0,4.0,8.0],"rotation":0,"texture":"#0bbbba36-22d9-f9d3-a011-15f17897d787","tintindex":0},"west":{"uv":[0.0,4.0,4.0,8.0],"rotation":0,"texture":"#0bbbba36-22d9-f9d3-a011-15f17897d787","tintindex":0}}},{"name":"cube","from":[10.571428,8.0,18.285713],"to":[16.571428,14.0,24.285713],"rotation":{"angle":0.0,"axis":"x","origin":[32.17143,-62.2,29.085716]},"faces":{"down":{"uv":[0.0,4.0,4.0,8.0],"rotation":0,"texture":"#0bbbba36-22d9-f9d3-a011-15f17897d787","tintindex":0},"east":{"uv":[0.0,4.0,4.0,8.0],"rotation":0,"texture":"#0bbbba36-22d9-f9d3-a011-15f17897d787","tintindex":0},"north":{"uv":[0.0,4.0,4.0,8.0],"rotation":0,"texture":"#0bbbba36-22d9-f9d3-a011-15f17897d787","tintindex":0},"south":{"uv":[0.0,4.0,4.0,8.0],"rotation":0,"texture":"#0bbbba36-22d9-f9d3-a011-15f17897d787","tintindex":0},"up":{"uv":[0.0,4.0,4.0,8.0],"rotation":0,"texture":"#0bbbba36-22d9-f9d3-a011-15f17897d787","tintindex":0},"west":{"uv":[0.0,4.0,4.0,8.0],"rotation":0,"texture":"#0bbbba36-22d9-f9d3-a011-15f17897d787","tintindex":0}}}],"display":{"head":{"translation":[0.0,-6.4,0.0],"rotation":[0.0,0.0,0.0],"scale":[3.8095,3.8095,3.8095]},"gui":{"translation":[0.0,0.0,0.0],"rotation":[35.0,225.0,0.0],"scale":[0.625,0.625,0.625]}}}