{"file_name":"bone4","texture_size":[128,128],"textures":{"0bbbba36-22d9-f9d3-a011-15f17897d787":"modelengine:entity/tree"},"elements":[{"name":"cube","from":[2.7250001,8.275,16.525],"to":[8.725,14.275,22.525002],"rotation":{"angle":0.0,"axis":"x","origin":[48.325005,-61.925007,27.325]},"faces":{"down":{"uv":[0.0,4.0,4.0,8.0],"rotation":0,"texture":"#0bbbba36-22d9-f9d3-a011-15f17897d787","tintindex":0},"east":{"uv":[0.0,4.0,4.0,8.0],"rotation":0,"texture":"#0bbbba36-22d9-f9d3-a011-15f17897d787","tintindex":0},"north":{"uv":[0.0,4.0,4.0,8.0],"rotation":0,"texture":"#0bbbba36-22d9-f9d3-a011-15f17897d787","tintindex":0},"south":{"uv":[0.0,4.0,4.0,8.0],"rotation":0,"texture":"#0bbbba36-22d9-f9d3-a011-15f17897d787","tintindex":0},"up":{"uv":[0.0,4.0,4.0,8.0],"rotation":0,"texture":"#0bbbba36-22d9-f9d3-a011-15f17897d787","tintindex":0},"west":{"uv":[0.0,4.0,4.0,8.0],"rotation":0,"texture":"#0bbbba36-22d9-f9d3-a011-15f17897d787","tintindex":0}}},{"name":"cube","from":[-3.275,8.275,16.525],"to":[2.7250001,14.275,22.525002],"rotation":{"angle":0.0,"axis":"x","origin":[48.325005,-61.925007,27.325]},"faces":{"down":{"uv":[0.0,4.0,4.0,8.0],"rotation":0,"texture":"#0bbbba36-22d9-f9d3-a011-15f17897d787","tintindex":0},"east":{"uv":[0.0,4.0,4.0,8.0],"rotation":0,"texture":"#0bbbba36-22d9-f9d3-a011-15f17897d787","tintindex":0},"north":{"uv":[0.0,4.0,4.0,8.0],"rotation":0,"texture":"#0bbbba36-22d9-f9d3-a011-15f17897d787","tintindex":0},"south":{"uv":[0.0,4.0,4.0,8.0],"rotation":0,"texture":"#0bbbba36-22d9-f9d3-a011-15f17897d787","tintindex":0},"up":{"uv":[0.0,4.0,4.0,8.0],"rotation":0,"texture":"#0bbbba36-22d9-f9d3-a011-15f17897d787","tintindex":0},"west":{"uv":[0.0,4.0,4.0,8.0],"rotation":0,"texture":"#0bbbba36-22d9-f9d3-a011-15f17897d787","tintindex":0}}},{"name":"cube","from":[2.7250001,8.275,-7.4750013],"to":[8.725,14.275,-1.4750004],"rotation":{"angle":0.0,"axis":"x","origin":[48.325005,-61.925007,27.325]},"faces":{"down":{"uv":[0.0,4.0,4.0,8.0],"rotation":0,"texture":"#0bbbba36-22d9-f9d3-a011-15f17897d787","tintindex":0},"east":{"uv":[0.0,4.0,4.0,8.0],"rotation":0,"texture":"#0bbbba36-22d9-f9d3-a011-15f17897d787","tintindex":0},"north":{"uv":[0.0,4.0,4.0,8.0],"rotation":0,"texture":"#0bbbba36-22d9-f9d3-a011-15f17897d787","tintindex":0},"south":{"uv":[0.0,4.0,4.0,8.0],"rotation":0,"texture":"#0bbbba36-22d9-f9d3-a011-15f17897d787","tintindex":0},"up":{"uv":[0.0,4.0,4.0,8.0],"rotation":0,"texture":"#0bbbba36-22d9-f9d3-a011-15f17897d787","tintindex":0},"west":{"uv":[0.0,4.0,4.0,8.0],"rotation":0,"texture":"#0bbbba36-22d9-f9d3-a011-15f17897d787","tintindex":0}}},{"name":"cube","from":[-3.275,8.275,-7.4750013],"to":[2.7250001,14.275,-1.4750004],"rotation":{"angle":0.0,"axis":"x","origin":[48.325005,-61.925007,27.325]},"faces":{"down":{"uv":[0.0,4.0,4.0,8.0],"rotation":0,"texture":"#0bbbba36-22d9-f9d3-a011-15f17897d787","tintindex":0},"east":{"uv":[0.0,4.0,4.0,8.0],"rotation":0,"texture":"#0bbbba36-22d9-f9d3-a011-15f17897d787","tintindex":0},"north":{"uv":[0.0,4.0,4.0,8.0],"rotation":0,"texture":"#0bbbba36-22d9-f9d3-a011-15f17897d787","tintindex":0},"south":{"uv":[0.0,4.0,4.0,8.0],"rotation":0,"texture":"#0bbbba36-22d9-f9d3-a011-15f17897d787","tintindex":0},"up":{"uv":[0.0,4.0,4.0,8.0],"rotation":0,"texture":"#0bbbba36-22d9-f9d3-a011-15f17897d787","tintindex":0},"west":{"uv":[0.0,4.0,4.0,8.0],"rotation":0,"texture":"#0bbbba36-22d9-f9d3-a011-15f17897d787","tintindex":0}}},{"name":"cube","from":[-3.275,8.275,-1.4750004],"to":[2.7250001,14.275,4.5249996],"rotation":{"angle":0.0,"axis":"x","origin":[48.325005,-61.925007,27.325]},"faces":{"down":{"uv":[0.0,4.0,4.0,8.0],"rotation":0,"texture":"#0bbbba36-22d9-f9d3-a011-15f17897d787","tintindex":0},"east":{"uv":[0.0,4.0,4.0,8.0],"rotation":0,"texture":"#0bbbba36-22d9-f9d3-a011-15f17897d787","tintindex":0},"north":{"uv":[0.0,4.0,4.0,8.0],"rotation":0,"texture":"#0bbbba36-22d9-f9d3-a011-15f17897d787","tintindex":0},"south":{"uv":[0.0,4.0,4.0,8.0],"rotation":0,"texture":"#0bbbba36-22d9-f9d3-a011-15f17897d787","tintindex":0},"up":{"uv":[0.0,4.0,4.0,8.0],"rotation":0,"texture":"#0bbbba36-22d9-f9d3-a011-15f17897d787","tintindex":0},"west":{"uv":[0.0,4.0,4.0,8.0],"rotation":0,"texture":"#0bbbba36-22d9-f9d3-a011-15f17897d787","tintindex":0}}},{"name":"cube","from":[2.7250001,8.275,-1.4750004],"to":[8.725,14.275,4.5249996],"rotation":{"angle":0.0,"axis":"x","origin":[48.325005,-61.925007,27.325]},"faces":{"down":{"uv":[0.0,4.0,4.0,8.0],"rotation":0,"texture":"#0bbbba36-22d9-f9d3-a011-15f17897d787","tintindex":0},"east":{"uv":[0.0,4.0,4.0,8.0],"rotation":0,"texture":"#0bbbba36-22d9-f9d3-a011-15f17897d787","tintindex":0},"north":{"uv":[0.0,4.0,4.0,8.0],"rotation":0,"texture":"#0bbbba36-22d9-f9d3-a011-15f17897d787","tintindex":0},"south":{"uv":[0.0,4.0,4.0,8.0],"rotation":0,"texture":"#0bbbba36-22d9-f9d3-a011-15f17897d787","tintindex":0},"up":{"uv":[0.0,4.0,4.0,8.0],"rotation":0,"texture":"#0bbbba36-22d9-f9d3-a011-15f17897d787","tintindex":0},"west":{"uv":[0.0,4.0,4.0,8.0],"rotation":0,"texture":"#0bbbba36-22d9-f9d3-a011-15f17897d787","tintindex":0}}},{"name":"cube","from":[-3.275,8.275,4.5249996],"to":[2.7250001,14.275,10.525],"rotation":{"angle":0.0,"axis":"x","origin":[48.325005,-61.925007,27.325]},"faces":{"down":{"uv":[0.0,4.0,4.0,8.0],"rotation":0,"texture":"#0bbbba36-22d9-f9d3-a011-15f17897d787","tintindex":0},"east":{"uv":[0.0,4.0,4.0,8.0],"rotation":0,"texture":"#0bbbba36-22d9-f9d3-a011-15f17897d787","tintindex":0},"north":{"uv":[0.0,4.0,4.0,8.0],"rotation":0,"texture":"#0bbbba36-22d9-f9d3-a011-15f17897d787","tintindex":0},"south":{"uv":[0.0,4.0,4.0,8.0],"rotation":0,"texture":"#0bbbba36-22d9-f9d3-a011-15f17897d787","tintindex":0},"up":{"uv":[0.0,4.0,4.0,8.0],"rotation":0,"texture":"#0bbbba36-22d9-f9d3-a011-15f17897d787","tintindex":0},"west":{"uv":[0.0,4.0,4.0,8.0],"rotation":0,"texture":"#0bbbba36-22d9-f9d3-a011-15f17897d787","tintindex":0}}},{"name":"cube","from":[-3.275,8.275,10.525],"to":[2.7250001,14.275,16.525],"rotation":{"angle":0.0,"axis":"x","origin":[48.325005,-61.925007,27.325]},"faces":{"down":{"uv":[0.0,4.0,4.0,8.0],"rotation":0,"texture":"#0bbbba36-22d9-f9d3-a011-15f17897d787","tintindex":0},"east":{"uv":[0.0,4.0,4.0,8.0],"rotation":0,"texture":"#0bbbba36-22d9-f9d3-a011-15f17897d787","tintindex":0},"north":{"uv":[0.0,4.0,4.0,8.0],"rotation":0,"texture":"#0bbbba36-22d9-f9d3-a011-15f17897d787","tintindex":0},"south":{"uv":[0.0,4.0,4.0,8.0],"rotation":0,"texture":"#0bbbba36-22d9-f9d3-a011-15f17897d787","tintindex":0},"up":{"uv":[0.0,4.0,4.0,8.0],"rotation":0,"texture":"#0bbbba36-22d9-f9d3-a011-15f17897d787","tintindex":0},"west":{"uv":[0.0,4.0,4.0,8.0],"rotation":0,"texture":"#0bbbba36-22d9-f9d3-a011-15f17897d787","tintindex":0}}},{"name":"cube","from":[2.7250001,8.275,10.525],"to":[8.725,14.275,16.525],"rotation":{"angle":0.0,"axis":"x","origin":[48.325005,-61.925007,27.325]},"faces":{"down":{"uv":[0.0,4.0,4.0,8.0],"rotation":0,"texture":"#0bbbba36-22d9-f9d3-a011-15f17897d787","tintindex":0},"east":{"uv":[0.0,4.0,4.0,8.0],"rotation":0,"texture":"#0bbbba36-22d9-f9d3-a011-15f17897d787","tintindex":0},"north":{"uv":[0.0,4.0,4.0,8.0],"rotation":0,"texture":"#0bbbba36-22d9-f9d3-a011-15f17897d787","tintindex":0},"south":{"uv":[0.0,4.0,4.0,8.0],"rotation":0,"texture":"#0bbbba36-22d9-f9d3-a011-15f17897d787","tintindex":0},"up":{"uv":[0.0,4.0,4.0,8.0],"rotation":0,"texture":"#0bbbba36-22d9-f9d3-a011-15f17897d787","tintindex":0},"west":{"uv":[0.0,4.0,4.0,8.0],"rotation":0,"texture":"#0bbbba36-22d9-f9d3-a011-15f17897d787","tintindex":0}}},{"name":"cube","from":[-3.275,2.2749991,16.525],"to":[2.7250001,8.275,22.525002],"rotation":{"angle":0.0,"axis":"x","origin":[48.325005,-61.925007,27.325]},"faces":{"down":{"uv":[0.0,4.0,4.0,8.0],"rotation":0,"texture":"#0bbbba36-22d9-f9d3-a011-15f17897d787","tintindex":0},"east":{"uv":[0.0,4.0,4.0,8.0],"rotation":0,"texture":"#0bbbba36-22d9-f9d3-a011-15f17897d787","tintindex":0},"north":{"uv":[0.0,4.0,4.0,8.0],"rotation":0,"texture":"#0bbbba36-22d9-f9d3-a011-15f17897d787","tintindex":0},