{"file_name":"bone9","texture_size":[128,128],"textures":{"0bbbba36-22d9-f9d3-a011-15f17897d787":"modelengine:entity/tree"},"elements":[{"name":"cube","from":[7.1,6.2749996,7.1],"to":[8.9,8.375,8.9],"rotation":{"angle":0.0,"axis":"x","origin":[7.1,-15.925,7.1]},"faces":{"down":{"uv":[12.0,2.25,13.5,3.75],"rotation":0,"texture":"#0bbbba36-22d9-f9d3-a011-15f17897d787","tintindex":0},"east":{"uv":[12.0,0.5,13.5,2.25],"rotation":0,"texture":"#0bbbba36-22d9-f9d3-a011-15f17897d787","tintindex":0},"north":{"uv":[12.0,0.5,13.5,2.25],"rotation":0,"texture":"#0bbbba36-22d9-f9d3-a011-15f17897d787","tintindex":0},"south":{"uv":[12.0,0.5,13.5,2.25],"rotation":0,"texture":"#0bbbba36-22d9-f9d3-a011-15f17897d787","tintindex":0},"up":{"uv":[8.0,2.25,9.5,3.75],"rotation":0,"texture":"#0bbbba36-22d9-f9d3-a011-15f17897d787","tintindex":0},"west":{"uv":[12.0,0.5,13.5,2.25],"rotation":0,"texture":"#0bbbba36-22d9-f9d3-a011-15f17897d787","tintindex":0}}},{"name":"cube","from":[7.4,8.375,7.4],"to":[8.6,8.975,8.6],"rotation":{"angle":0.0,"axis":"x","origin":[8.9,11.075001,8.9]},"faces":{"down":{"uv":[12.0,2.25,13.5,3.75],"rotation":0,"texture":"#0bbbba36-22d9-f9d3-a011-15f17897d787","tintindex":0},"east":{"uv":[12.25,0.0,13.25,0.5],"rotation":0,"texture":"#0bbbba36-22d9-f9d3-a011-15f17897d787","tintindex":0},"north":{"uv":[12.0,0.5,13.5,2.25],"rotation":0,"texture":"#0bbbba36-22d9-f9d3-a011-15f17897d787","tintindex":0},"south":{"uv":[12.25,0.0,13.25,0.5],"rotation":0,"texture":"#0bbbba36-22d9-f9d3-a011-15f17897d787","tintindex":0},"up":{"uv":[8.0,2.25,9.5,3.75],"rotation":0,"texture":"#0bbbba36-22d9-f9d3-a011-15f17897d787","tintindex":0},"west":{"uv":[12.25,0.0,13.25,0.5],"rotation":0,"texture":"#0bbbba36-22d9-f9d3-a011-15f17897d787","tintindex":0}}}],"display":{"head":{"translation":[0.0,-6.4,0.0],"rotation":[0.0,0.0,0.0],"scale":[3.8095,3.8095,3.8095]},"gui":{"translation":[0.0,0.0,0.0],"rotation":[35.0,225.0,0.0],"scale":[0.625,0.625,0.625]}}}