{"file_name":"torso","texture_size":[64,64],"textures":{"e06a56d3-015b-c0ec-affa-5201ec60acd0":"modelengine:entity/deer"},"elements":[{"name":"upperbody","from":[5.6460495,6.2273135,7.083054],"to":[10.360794,10.583567,12.160471],"rotation":{"angle":0.0,"axis":"x","origin":[7.8671446,10.295677,4.191648]},"faces":{"down":{"uv":[6.0,7.25,7.5,5.0],"rotation":0,"texture":"#e06a56d3-015b-c0ec-affa-5201ec60acd0","tintindex":0},"east":{"uv":[16.0,3.5,13.75,5.0],"rotation":0,"texture":"#e06a56d3-015b-c0ec-affa-5201ec60acd0","tintindex":0},"north":{"uv":[6.0,3.5,7.5,5.0],"rotation":0,"texture":"#e06a56d3-015b-c0ec-affa-5201ec60acd0","tintindex":0},"south":{"uv":[7.5,3.5,9.0,5.0],"rotation":0,"texture":"#e06a56d3-015b-c0ec-affa-5201ec60acd0","tintindex":0},"up":{"uv":[9.0,5.0,10.5,7.25],"rotation":0,"texture":"#e06a56d3-015b-c0ec-affa-5201ec60acd0","tintindex":0},"west":{"uv":[12.0,3.5,9.75,5.0],"rotation":0,"texture":"#e06a56d3-015b-c0ec-affa-5201ec60acd0","tintindex":0}}},{"name":"upperbody","from":[5.5251584,5.8667316,2.730982],"to":[10.481685,10.94624,7.5666175],"rotation":{"angle":0.0,"axis":"x","origin":[7.8671446,10.295677,4.191648]},"faces":{"down":{"uv":[7.25,5.75,6.25,7.25],"rotation":0,"texture":"#e06a56d3-015b-c0ec-affa-5201ec60acd0","tintindex":0},"east":{"uv":[5.5,1.5,7.0,3.25],"rotation":0,"texture":"#e06a56d3-015b-c0ec-affa-5201ec60acd0","tintindex":0},"north":{"uv":[7.0,0.0,9.0,1.75],"rotation":0,"texture":"#e06a56d3-015b-c0ec-affa-5201ec60acd0","tintindex":0},"south":{"uv":[9.0,0.0,11.0,1.75],"rotation":0,"texture":"#e06a56d3-015b-c0ec-affa-5201ec60acd0","tintindex":0},"up":{"uv":[10.75,1.75,12.75,3.25],"rotation":0,"texture":"#e06a56d3-015b-c0ec-affa-5201ec60acd0","tintindex":0},"west":{"uv":[12.75,1.5,14.25,3.25],"rotation":0,"texture":"#e06a56d3-015b-c0ec-affa-5201ec60acd0","tintindex":0}}},{"name":"upperbody","from":[6.3713946,6.5774813,1.0795527],"to":[9.030993,11.413117,3.1346974],"rotation":{"angle":-22.5,"axis":"x","origin":[7.8671446,10.295677,4.191648]},"faces":{"down":{"uv":[1.5,5.0,0.0,7.0],"rotation":0,"texture":"#e06a56d3-015b-c0ec-affa-5201ec60acd0","tintindex":0},"east":{"uv":[7.0,3.5,6.0,4.75],"rotation":0,"texture":"#e06a56d3-015b-c0ec-affa-5201ec60acd0","tintindex":0},"north":{"uv":[7.25,5.0,6.25,7.25],"rotation":0,"texture":"#e06a56d3-015b-c0ec-affa-5201ec60acd0","tintindex":0},"south":{"uv":[7.0,3.5,6.0,5.0],"rotation":0,"texture":"#e06a56d3-015b-c0ec-affa-5201ec60acd0","tintindex":0},"up":{"uv":[10.5,7.5,9.5,8.5],"rotation":0,"texture":"#e06a56d3-015b-c0ec-affa-5201ec60acd0","tintindex":0},"west":{"uv":[7.0,3.5,6.0,4.75],"rotation":0,"texture":"#e06a56d3-015b-c0ec-affa-5201ec60acd0","tintindex":0}}},{"name":"tail","from":[6.9758487,4.6916795,10.732376],"to":[8.910103,8.949224,13.154374],"rotation":{"angle":0.0,"axis":"x","origin":[7.8671446,11.597444,7.706543]},"faces":{"down":{"uv":[6.25,5.25,7.25,7.25],"rotation":0,"texture":"#e06a56d3-015b-c0ec-affa-5201ec60acd0","tintindex":0},"east":{"uv":[6.25,5.25,7.25,7.25],"rotation":0,"texture":"#e06a56d3-015b-c0ec-affa-5201ec60acd0","tintindex":0},"north":{"uv":[6.25,5.25,7.25,7.25],"rotation":0,"texture":"#e06a56d3-015b-c0ec-affa-5201ec60acd0","tintindex":0},"south":{"uv":[6.25,5.25,7.25,7.25],"rotation":0,"texture":"#e06a56d3-015b-c0ec-affa-5201ec60acd0","tintindex":0},"up":{"uv":[6.25,5.25,7.25,7.25],"rotation":0,"texture":"#e06a56d3-015b-c0ec-affa-5201ec60acd0","tintindex":0},"west":{"uv":[6.25,5.25,7.25,7.25],"rotation":0,"texture":"#e06a56d3-015b-c0ec-affa-5201ec60acd0","tintindex":0}}}],"display":{"head":{"translation":[0.0,-6.4,0.0],"rotation":[0.0,0.0,0.0],"scale":[3.8095,3.8095,3.8095]},"gui":{"translation":[0.0,0.0,0.0],"rotation":[35.0,225.0,0.0],"scale":[0.625,0.625,0.625]}}}