{"file_name":"1","texture_size":[256,256],"textures":{"93a606d8-1df2-5352-c1ba-db840b43b43a":"modelengine:entity/slime_pit"},"elements":[{"name":"8","from":[-3.4000006,0.71000004,1.9999998],"to":[19.400002,0.8299999,3.1999998],"rotation":{"angle":0.0,"axis":"x","origin":[8.0,0.26,8.0]},"faces":{"down":{"uv":[5.375,0.0,3.0,2.375],"rotation":0,"texture":"#93a606d8-1df2-5352-c1ba-db840b43b43a","tintindex":0},"east":{"uv":[3.0,2.375,5.375,0.0],"rotation":0,"texture":"#93a606d8-1df2-5352-c1ba-db840b43b43a","tintindex":0},"north":{"uv":[3.0,2.375,5.375,0.0],"rotation":0,"texture":"#93a606d8-1df2-5352-c1ba-db840b43b43a","tintindex":0},"south":{"uv":[3.0,2.375,5.375,0.0],"rotation":0,"texture":"#93a606d8-1df2-5352-c1ba-db840b43b43a","tintindex":0},"up":{"uv":[5.375,1.8125,3.0,1.9375],"rotation":0,"texture":"#93a606d8-1df2-5352-c1ba-db840b43b43a","tintindex":0},"west":{"uv":[3.0,2.375,5.375,0.0],"rotation":0,"texture":"#93a606d8-1df2-5352-c1ba-db840b43b43a","tintindex":0}}},{"name":"7","from":[-3.4000006,0.71000004,12.8],"to":[19.400002,0.8299999,14.0],"rotation":{"angle":0.0,"axis":"x","origin":[8.0,0.26,8.0]},"faces":{"down":{"uv":[5.375,0.0,3.0,2.375],"rotation":0,"texture":"#93a606d8-1df2-5352-c1ba-db840b43b43a","tintindex":0},"east":{"uv":[3.0,2.375,5.375,0.0],"rotation":0,"texture":"#93a606d8-1df2-5352-c1ba-db840b43b43a","tintindex":0},"north":{"uv":[3.0,2.375,5.375,0.0],"rotation":0,"texture":"#93a606d8-1df2-5352-c1ba-db840b43b43a","tintindex":0},"south":{"uv":[3.0,2.375,5.375,0.0],"rotation":0,"texture":"#93a606d8-1df2-5352-c1ba-db840b43b43a","tintindex":0},"up":{"uv":[5.375,0.5625,3.0,0.6875],"rotation":0,"texture":"#93a606d8-1df2-5352-c1ba-db840b43b43a","tintindex":0},"west":{"uv":[3.0,2.375,5.375,0.0],"rotation":0,"texture":"#93a606d8-1df2-5352-c1ba-db840b43b43a","tintindex":0}}}],"display":{"head":{"translation":[0.0,-6.4,0.0],"rotation":[0.0,0.0,0.0],"scale":[3.8095,3.8095,3.8095]},"gui":{"translation":[0.0,0.0,0.0],"rotation":[35.0,225.0,0.0],"scale":[0.625,0.625,0.625]}}}