{"textures":{"0":"modelengine:entity/slime_pit"},"elements":[{"name":"cube","from":[0.19999981,0.19999981,29.600002],"to":[15.8,1.3999997,32.0],"rotation":{"angle":0.0,"axis":"x","origin":[8.0,0.19999981,0.79999924]},"faces":{"down":{"uv":[7.0,4.375,5.375,4.625],"rotation":0,"texture":"#0","tintindex":0},"east":{"uv":[5.875,1.875,6.125,2.0],"rotation":0,"texture":"#0","tintindex":0},"north":{"uv":[5.625,0.875,7.25,1.0],"rotation":0,"texture":"#0","tintindex":0},"south":{"uv":[5.625,1.0,7.25,1.125],"rotation":0,"texture":"#0","tintindex":0},"up":{"uv":[7.0,4.375,5.375,4.125],"rotation":0,"texture":"#0","tintindex":0},"west":{"uv":[5.875,2.0,6.125,2.125],"rotation":0,"texture":"#0","tintindex":0}}},{"name":"cube","from":[-6.4000006,0.19999981,1.3999996],"to":[22.400002,0.49999976,30.2],"rotation":{"angle":0.0,"axis":"x","origin":[8.0,0.19999981,15.799999]},"faces":{"down":{"uv":[3.0,3.0,0.0,6.0],"rotation":0,"texture":"#0","tintindex":0},"east":{"uv":[5.625,1.4375,8.625,1.5],"rotation":0,"texture":"#0","tintindex":0},"north":{"uv":[5.625,1.375,8.625,1.4375],"rotation":0,"texture":"#0","tintindex":0},"south":{"uv":[5.625,1.5,8.625,1.5625],"rotation":0,"texture":"#0","tintindex":0},"up":{"uv":[3.0,3.0,0.0,0.0],"rotation":0,"texture":"#0","tintindex":0},"west":{"uv":[5.625,1.5625,8.625,1.625],"rotation":0,"texture":"#0","tintindex":0}}},{"name":"cube","from":[-6.4000006,0.49999976,9.200001],"to":[22.400002,1.0999997,22.400002],"rotation":{"angle":0.0,"axis":"x","origin":[8.0,0.19999981,15.799999]},"faces":{"down":{"uv":[3.0,3.0,0.0,6.0],"rotation":0,"texture":"#0","tintindex":0},"east":{"uv":[5.625,1.4375,8.625,1.5],"rotation":0,"texture":"#0","tintindex":0},"north":{"uv":[5.625,1.375,8.625,1.4375],"rotation":0,"texture":"#0","tintindex":0},"south":{"uv":[5.625,1.5,8.625,1.5625],"rotation":0,"texture":"#0","tintindex":0},"up":{"uv":[3.0,2.1875,0.0,0.8125],"rotation":0,"texture":"#0","tintindex":0},"west":{"uv":[5.625,1.5625,8.625,1.625],"rotation":0,"texture":"#0","tintindex":0}}},{"name":"cube","from":[-6.4000006,0.49999976,1.3999996],"to":[22.400002,1.0999997,7.999999],"rotation":{"angle":0.0,"axis":"x","origin":[8.0,0.19999981,15.799999]},"faces":{"down":{"uv":[3.0,3.0,0.0,6.0],"rotation":0,"texture":"#0","tintindex":0},"east":{"uv":[5.625,1.4375,8.625,1.5],"rotation":0,"texture":"#0","tintindex":0},"north":{"uv":[5.625,1.375,8.625,1.4375],"rotation":0,"texture":"#0","tintindex":0},"south":{"uv":[5.625,1.5,8.625,1.5625],"rotation":0,"texture":"#0","tintindex":0},"up":{"uv":[3.0,3.0,0.0,2.3125],"rotation":0,"texture":"#0","tintindex":0},"west":{"uv":[5.625,1.5625,8.625,1.625],"rotation":0,"texture":"#0","tintindex":0}}},{"name":"cube","from":[-6.4000006,0.49999976,23.599998],"to":[22.400002,1.0999997,30.2],"rotation":{"angle":0.0,"axis":"x","origin":[8.0,0.19999981,15.799999]},"faces":{"down":{"uv":[3.0,6.0,0.0,3.0],"rotation":0,"texture":"#0","tintindex":0},"east":{"uv":[8.625,1.4375,5.625,1.5],"rotation":0,"texture":"#0","tintindex":0},"north":{"uv":[8.625,1.5,5.625,1.5625],"rotation":0,"texture":"#0","tintindex":0},"south":{"uv":[8.625,1.375,5.625,1.4375],"rotation":0,"texture":"#0","tintindex":0},"up":{"uv":[3.0,2.3125,0.0,3.0],"rotation":0,"texture":"#0","tintindex":0},"west":{"uv":[8.625,1.5625,5.625,1.625],"rotation":0,"texture":"#0","tintindex":0}}},{"name":"cube","from":[-5.8,0.7999997,1.999999],"to":[21.8,2.6,4.3999996],"rotation":{"angle":0.0,"axis":"x","origin":[8.0,0.19999981,15.799999]},"faces":{"down":{"uv":[5.875,5.0,3.0,5.25],"rotation":0,"texture":"#0","tintindex":0},"east":{"uv":[5.625,1.625,5.875,1.8125],"rotation":0,"texture":"#0","tintindex":0},"north":{"uv":[5.375,2.625,8.25,2.8125],"rotation":0,"texture":"#0","tintindex":0},"south":{"uv":[5.375,2.8125,8.25,3.0],"rotation":0,"texture":"#0","tintindex":0},"up":{"uv":[5.875,5.0,3.0,4.75],"rotation":0,"texture":"#0","tintindex":0},"west":{"uv":[5.625,1.8125,5.875,2.0],"rotation":0,"texture":"#0","tintindex":0}}},{"name":"cube","from":[-5.8,0.7999997,27.2],"to":[21.8,2.6,29.600002],"rotation":{"angle":0.0,"axis":"x","origin":[8.0,0.19999981,15.799999]},"faces":{"down":{"uv":[8.25,0.0,5.375,0.25],"rotation":0,"texture":"#0","tintindex":0},"east":{"uv":[5.625,2.0,5.875,2.1875],"rotation":0,"texture":"#0","tintindex":0},"north":{"uv":[5.375,3.0,8.25,3.1875],"rotation":0,"texture":"#0","tintindex":0},"south":{"uv":[5.375,3.1875,8.25,3.375],"rotation":0,"texture":"#0","tintindex":0},"up":{"uv":[5.875,5.5,3.0,5.25],"rotation":0,"texture":"#0","tintindex":0},"west":{"uv":[5.625,2.1875,5.875,2.375],"rotation":0,"texture":"#0","tintindex":0}}},{"name":"cube","from":[-5.8,0.7999997,4.3999996],"to":[-3.4000006,2.6,27.2],"rotation":{"angle":0.0,"axis":"x","origin":[8.0,0.19999981,15.799999]},"faces":{"down":{"uv":[3.25,5.5,3.0,7.875],"rotation":0,"texture":"#0","tintindex":0},"east":{"uv":[5.375,3.375,7.75,3.5625],"rotation":0,"texture":"#0","tintindex":0},"north":{"uv":[5.625,2.375,5.875,2.5625],"rotation":0,"texture":"#0","tintindex":0},"south":{"uv":[4.75,5.75,5.0,5.9375],"rotation":0,"texture":"#0","tintindex":0},"up":{"uv":[5.625,2.625,5.375,0.25],"rotation":0,"texture":"#0","tintindex":0},"west":{"uv":[5.375,3.5625,7.75,3.75],"rotation":0,"texture":"#0","tintindex":0}}},{"name":"cube","from":[19.400002,0.7999997,4.3999996],"to":[21.8,2.6,27.2],"rotation":{"angle":0.0,"axis":"x","origin":[8.0,0.19999981,15.799999]},"faces":{"down":{"uv":[3.75,5.5,3.5,7.875],"rotation":0,"texture":"#0","tintindex":0},"east":{"uv":[5.375,3.75,7.75,3.9375],"rotation":0,"texture":"#0","tintindex":0},"north":{"uv":[5.0,5.75,5.25,5.9375],"rotation":0,"texture":"#0","tintindex":0},"south":{"uv":[5.25,5.75,5.5,5.9375],"rotation":0,"texture":"#0","tintindex":0},"up":{"uv":[3.5,7.875,3.25,5.5],"rotation":0,"texture":"#0","tintindex":0},"west":{"uv":[5.375,3.9375,7.75,4.125],"rotation":0,"texture":"#0","tintindex":0}}},{"name":"cube","from":[21.8,0.19999981,7.999999],"to":[24.2,1.3999997,23.599998],"rotation":{"angle":0.0,"axis":"x","origin":[-7.000001,0.19999981,15.799999]},"faces":{"down":{"uv":[4.25,5.5,4.0,7.125],"rotation":0,"texture":"#0","tintindex":0},"east":{"uv":[5.375,4.625,7.0,4.75],"rotation":0,"texture":"#0","tintindex":0},"north":{"uv":[5.5,5.75,5.75,5.875],"rotation":0,"texture":"#0","tintindex":0},"south":{"uv":[5.75,5.75,6.0,5.875],"rotation":0,"texture":"#0","tintindex":0},"up":{"uv":[4.0,7.125,3.75,5.5],"rotation":0,"texture":"#0","tintindex":0},"west":{"uv":[5.625,0.5,7.25,0.625],"rotation":0,"texture":"#0","tintindex":0}}},{"name":"cube","from":[-8.200001,0.19999981,7.999999],"to":[-5.8,1.3999997,23.599998],"rotation":{"angle":0.0,"axis":"x","origin":[-7.000001,0.19999981,15.799999]},"faces":{"down":{"uv":[4.75,5.5,4.5,7.125],"rotation":0,"texture":"#0","tintindex":0},"east":{"uv":[5.625,0.625,7.25,0.75],"rotation":0,"texture":"#0","tintindex":0},"north":{"uv":[5.875,1.625,6.125,1.75],"rotation":0,"texture":"#0","tintindex":0},"south":{"uv":[5.875,1.75,6.125,1.875],"rotation":0,"texture":"#0","tintindex":0},"up":{"uv":[4.5,7.125,4.25,5.5],"rotation":0,"texture":"#0","tintindex":0},"west":{"uv":[5.625,0.75,7.25,0.875],"rotation":0,"texture":"#0","tintindex":0}}},{"name":"cube","from":[0.19999981,0.19999981,-0.40000057],"to":[15.8,1.3999997,1.999999],"rotation":{"angle":0.0,"axis":"x","origin":[8.0,0.19999981,0.79999924]},"faces":{"down":{"uv":[7.25,0.25,5.625,0.5],"rotation":0,"texture":"#0","tintindex":0},"east":{"uv":[5.875,2.125,6.125,2.25],"rotation":0,"texture":"#0","tintindex":0},"north":{"uv":[5.625,1.125,7.25,1.25],"rotation":0,"texture":"#0","tintindex":0},"south":{"uv":[5.625,1.25,7.25,1.375],"rotation":0,"texture":"#0","tintindex":0},"up":{"uv":[6.375,5.75,4.75,5.5],"rotation":0,"texture":"#0","tintindex":0},"west":{"uv":[5.875,2.25,6.125,2.375],"rotation":0,"texture":"#0","tintindex":0}}},{"name":"cube","from":[18.8,0.049999714,0.79999924],"to":[23.600002,4.85,5.5999994],"rotation":{"angle":0.0,"axis":"x","origin":[8.0,0.19999981,0.79999924]},