{"file_name":"cape2","texture_size":[256,128],"textures":{"9f791205-3916-1e8f-4db8-3fb85835e2c8":"modelengine:entity/wasteland_shaman"},"elements":[{"name":"cube","from":[4.3999996,-1.9000006,7.7],"to":[11.6,8.3,8.3],"rotation":{"angle":0.0,"axis":"x","origin":[8.0,-4.3000007,-1.3000002]},"faces":{"down":{"uv":[13.25,3.375,12.5,3.5],"rotation":0,"texture":"#9f791205-3916-1e8f-4db8-3fb85835e2c8","tintindex":0},"east":{"uv":[9.4375,0.0,9.5,2.125],"rotation":0,"texture":"#9f791205-3916-1e8f-4db8-3fb85835e2c8","tintindex":0},"north":{"uv":[9.5,0.0,8.75,2.125],"rotation":0,"texture":"#9f791205-3916-1e8f-4db8-3fb85835e2c8","tintindex":0},"south":{"uv":[8.75,0.0,9.5,2.125],"rotation":0,"texture":"#9f791205-3916-1e8f-4db8-3fb85835e2c8","tintindex":0},"up":{"uv":[13.25,3.375,12.5,3.25],"rotation":0,"texture":"#9f791205-3916-1e8f-4db8-3fb85835e2c8","tintindex":0},"west":{"uv":[8.75,0.0,8.8125,2.125],"rotation":0,"texture":"#9f791205-3916-1e8f-4db8-3fb85835e2c8","tintindex":0}}}],"display":{"head":{"translation":[0.0,-6.4,0.0],"rotation":[0.0,0.0,0.0],"scale":[3.8095,3.8095,3.8095]},"gui":{"translation":[0.0,0.0,0.0],"rotation":[35.0,225.0,0.0],"scale":[0.625,0.625,0.625]}}}