{"file_name":"decofront","texture_size":[256,128],"textures":{"9f791205-3916-1e8f-4db8-3fb85835e2c8":"modelengine:entity/wasteland_shaman"},"elements":[{"name":"cube","from":[2.7499998,1.9999998,8.0],"to":[3.9499998,8.0,8.6],"rotation":{"angle":0.0,"axis":"x","origin":[5.6,1.61,12.05]},"faces":{"down":{"uv":[15.0,4.875,15.125,5.0],"rotation":0,"texture":"#9f791205-3916-1e8f-4db8-3fb85835e2c8","tintindex":0},"east":{"uv":[15.0625,3.75,15.125,5.0],"rotation":0,"texture":"#9f791205-3916-1e8f-4db8-3fb85835e2c8","tintindex":0},"north":{"uv":[15.0,3.75,15.125,5.0],"rotation":0,"texture":"#9f791205-3916-1e8f-4db8-3fb85835e2c8","tintindex":0},"south":{"uv":[15.0,3.75,15.125,5.0],"rotation":0,"texture":"#9f791205-3916-1e8f-4db8-3fb85835e2c8","tintindex":0},"up":{"uv":[15.0,3.75,15.125,3.875],"rotation":0,"texture":"#9f791205-3916-1e8f-4db8-3fb85835e2c8","tintindex":0},"west":{"uv":[15.0625,3.75,15.125,5.0],"rotation":0,"texture":"#9f791205-3916-1e8f-4db8-3fb85835e2c8","tintindex":0}}},{"name":"cube","from":[7.25,1.9999998,8.0],"to":[8.45,8.0,8.6],"rotation":{"angle":0.0,"axis":"x","origin":[5.6,1.61,12.05]},"faces":{"down":{"uv":[15.125,4.875,15.0,5.0],"rotation":0,"texture":"#9f791205-3916-1e8f-4db8-3fb85835e2c8","tintindex":0},"east":{"uv":[15.125,3.75,15.0625,5.0],"rotation":0,"texture":"#9f791205-3916-1e8f-4db8-3fb85835e2c8","tintindex":0},"north":{"uv":[15.125,3.75,15.0,5.0],"rotation":0,"texture":"#9f791205-3916-1e8f-4db8-3fb85835e2c8","tintindex":0},"south":{"uv":[15.125,3.75,15.0,5.0],"rotation":0,"texture":"#9f791205-3916-1e8f-4db8-3fb85835e2c8","tintindex":0},"up":{"uv":[15.125,3.75,15.0,3.875],"rotation":0,"texture":"#9f791205-3916-1e8f-4db8-3fb85835e2c8","tintindex":0},"west":{"uv":[15.125,3.75,15.0625,5.0],"rotation":0,"texture":"#9f791205-3916-1e8f-4db8-3fb85835e2c8","tintindex":0}}}],"display":{"head":{"translation":[0.0,-6.4,0.0],"rotation":[0.0,0.0,0.0],"scale":[3.8095,3.8095,3.8095]},"gui":{"translation":[0.0,0.0,0.0],"rotation":[35.0,225.0,0.0],"scale":[0.625,0.625,0.625]}}}