{"file_name":"left_feet","texture_size":[256,128],"textures":{"9f791205-3916-1e8f-4db8-3fb85835e2c8":"modelengine:entity/wasteland_shaman"},"elements":[{"name":"cube","from":[6.5,7.1,4.3999996],"to":[9.5,8.9,9.2],"rotation":{"angle":0.0,"axis":"x","origin":[9.950001,11.900001,6.2]},"faces":{"down":{"uv":[9.25,7.5,9.0,8.5],"rotation":0,"texture":"#9f791205-3916-1e8f-4db8-3fb85835e2c8","tintindex":0},"east":{"uv":[11.9375,7.375,12.4375,7.75],"rotation":0,"texture":"#9f791205-3916-1e8f-4db8-3fb85835e2c8","tintindex":0},"north":{"uv":[12.375,5.75,12.625,6.125],"rotation":0,"texture":"#9f791205-3916-1e8f-4db8-3fb85835e2c8","tintindex":0},"south":{"uv":[12.375,6.125,12.625,6.5],"rotation":0,"texture":"#9f791205-3916-1e8f-4db8-3fb85835e2c8","tintindex":0},"up":{"uv":[9.0,8.375,8.75,7.375],"rotation":0,"texture":"#9f791205-3916-1e8f-4db8-3fb85835e2c8","tintindex":0},"west":{"uv":[11.875,7.875,12.375,8.25],"rotation":0,"texture":"#9f791205-3916-1e8f-4db8-3fb85835e2c8","tintindex":0}}}],"display":{"head":{"translation":[0.0,-6.4,0.0],"rotation":[0.0,0.0,0.0],"scale":[3.8095,3.8095,3.8095]},"gui":{"translation":[0.0,0.0,0.0],"rotation":[35.0,225.0,0.0],"scale":[0.625,0.625,0.625]}}}