{"file_name":"left_arm2","texture_size":[256,128],"textures":{"9f791205-3916-1e8f-4db8-3fb85835e2c8":"modelengine:entity/wasteland_shaman"},"elements":[{"name":"cube","from":[6.8,1.9999998,6.8],"to":[9.2,8.0,9.2],"rotation":{"angle":0.0,"axis":"x","origin":[12.8,-1.0000005,6.2]},"faces":{"down":{"uv":[11.875,8.625,11.625,9.125],"rotation":0,"texture":"#9f791205-3916-1e8f-4db8-3fb85835e2c8","tintindex":0},"east":{"uv":[9.75,5.5,10.0,6.75],"rotation":0,"texture":"#9f791205-3916-1e8f-4db8-3fb85835e2c8","tintindex":0},"north":{"uv":[8.5,5.5,8.75,6.75],"rotation":0,"texture":"#9f791205-3916-1e8f-4db8-3fb85835e2c8","tintindex":0},"south":{"uv":[10.0,5.5,10.25,6.75],"rotation":0,"texture":"#9f791205-3916-1e8f-4db8-3fb85835e2c8","tintindex":0},"up":{"uv":[11.25,9.125,11.0,8.625],"rotation":0,"texture":"#9f791205-3916-1e8f-4db8-3fb85835e2c8","tintindex":0},"west":{"uv":[10.25,5.5,10.5,6.75],"rotation":0,"texture":"#9f791205-3916-1e8f-4db8-3fb85835e2c8","tintindex":0}}}],"display":{"head":{"translation":[0.0,-6.4,0.0],"rotation":[0.0,0.0,0.0],"scale":[3.8095,3.8095,3.8095]},"gui":{"translation":[0.0,0.0,0.0],"rotation":[35.0,225.0,0.0],"scale":[0.625,0.625,0.625]}}}