{"file_name":"neck","texture_size":[256,128],"textures":{"9f791205-3916-1e8f-4db8-3fb85835e2c8":"modelengine:entity/wasteland_shaman"},"elements":[{"name":"cube","from":[7.1,5.3,13.25],"to":[8.9,8.9,15.05],"rotation":{"angle":-22.5,"axis":"x","origin":[8.6,-6.700001,6.6499996]},"faces":{"down":{"uv":[12.75,3.75,12.5625,4.125],"rotation":0,"texture":"#9f791205-3916-1e8f-4db8-3fb85835e2c8","tintindex":0},"east":{"uv":[9.25,8.5,9.4375,9.25],"rotation":0,"texture":"#9f791205-3916-1e8f-4db8-3fb85835e2c8","tintindex":0},"north":{"uv":[12.1875,6.625,12.375,7.375],"rotation":0,"texture":"#9f791205-3916-1e8f-4db8-3fb85835e2c8","tintindex":0},"south":{"uv":[11.25,8.5,11.4375,9.25],"rotation":0,"texture":"#9f791205-3916-1e8f-4db8-3fb85835e2c8","tintindex":0},"up":{"uv":[12.6875,5.75,12.5,5.375],"rotation":0,"texture":"#9f791205-3916-1e8f-4db8-3fb85835e2c8","tintindex":0},"west":{"uv":[11.4375,8.5,11.625,9.25],"rotation":0,"texture":"#9f791205-3916-1e8f-4db8-3fb85835e2c8","tintindex":0}}}],"display":{"head":{"translation":[0.0,-6.4,0.0],"rotation":[0.0,0.0,0.0],"scale":[3.8095,3.8095,3.8095]},"gui":{"translation":[0.0,0.0,0.0],"rotation":[35.0,225.0,0.0],"scale":[0.625,0.625,0.625]}}}