{"file_name":"right_leg2","texture_size":[256,128],"textures":{"9f791205-3916-1e8f-4db8-3fb85835e2c8":"modelengine:entity/wasteland_shaman"},"elements":[{"name":"cube","from":[6.575,1.7381738,7.4905286],"to":[8.975,8.938174,9.890529],"rotation":{"angle":-22.5,"axis":"x","origin":[5.825,5.9381742,8.0905285]},"faces":{"down":{"uv":[11.0,8.625,10.75,9.125],"rotation":0,"texture":"#9f791205-3916-1e8f-4db8-3fb85835e2c8","tintindex":0},"east":{"uv":[10.5,5.25,10.75,6.75],"rotation":0,"texture":"#9f791205-3916-1e8f-4db8-3fb85835e2c8","tintindex":0},"north":{"uv":[9.5,5.25,9.75,6.75],"rotation":0,"texture":"#9f791205-3916-1e8f-4db8-3fb85835e2c8","tintindex":0},"south":{"uv":[8.0,5.5,8.25,7.0],"rotation":0,"texture":"#9f791205-3916-1e8f-4db8-3fb85835e2c8","tintindex":0},"up":{"uv":[10.75,9.125,10.5,8.625],"rotation":0,"texture":"#9f791205-3916-1e8f-4db8-3fb85835e2c8","tintindex":0},"west":{"uv":[8.25,5.5,8.5,7.0],"rotation":0,"texture":"#9f791205-3916-1e8f-4db8-3fb85835e2c8","tintindex":0}}}],"display":{"head":{"translation":[0.0,-6.4,0.0],"rotation":[0.0,0.0,0.0],"scale":[3.8095,3.8095,3.8095]},"gui":{"translation":[0.0,0.0,0.0],"rotation":[35.0,225.0,0.0],"scale":[0.625,0.625,0.625]}}}