{"file_name":"body","texture_size":[128,128],"textures":{"99bc5ecc-6795-c024-2034-a08b7bc821b7":"modelengine:entity/rider"},"elements":[{"name":"cube","from":[4.976,6.5839996,8.7560005],"to":[11.024,11.120001,13.292],"rotation":{"angle":0.0,"axis":"x","origin":[8.0,-4.0000005,8.0]},"faces":{"down":{"uv":[2.375,2.5,1.625,3.5],"rotation":270,"texture":"#99bc5ecc-6795-c024-2034-a08b7bc821b7","tintindex":0},"east":{"uv":[2.25,3.5,3.0,4.25],"rotation":0,"texture":"#99bc5ecc-6795-c024-2034-a08b7bc821b7","tintindex":0},"north":{"uv":[2.125,1.75,3.125,2.5],"rotation":0,"texture":"#99bc5ecc-6795-c024-2034-a08b7bc821b7","tintindex":0},"south":{"uv":[2.125,1.0,3.125,1.75],"rotation":0,"texture":"#99bc5ecc-6795-c024-2034-a08b7bc821b7","tintindex":0},"up":{"uv":[1.625,3.5,0.875,2.5],"rotation":90,"texture":"#99bc5ecc-6795-c024-2034-a08b7bc821b7","tintindex":0},"west":{"uv":[3.75,0.0,4.5,0.75],"rotation":0,"texture":"#99bc5ecc-6795-c024-2034-a08b7bc821b7","tintindex":0}}}],"display":{"head":{"translation":[0.0,-6.4,0.0],"rotation":[0.0,0.0,0.0],"scale":[3.8095,3.8095,3.8095]},"gui":{"translation":[0.0,0.0,0.0],"rotation":[35.0,225.0,0.0],"scale":[0.625,0.625,0.625]}}}