{"file_name":"leftleg2","texture_size":[128,128],"textures":{"99bc5ecc-6795-c024-2034-a08b7bc821b7":"modelengine:entity/rider"},"elements":[{"name":"cube","from":[6.5095997,1.0707257,9.145821],"to":[9.5336,7.8747253,12.169821],"rotation":{"angle":-22.5,"axis":"x","origin":[10.969999,1.8267254,8.38982]},"faces":{"down":{"uv":[7.5,1.0,7.0,1.5],"rotation":270,"texture":"#99bc5ecc-6795-c024-2034-a08b7bc821b7","tintindex":0},"east":{"uv":[3.875,0.75,4.375,1.875],"rotation":0,"texture":"#99bc5ecc-6795-c024-2034-a08b7bc821b7","tintindex":0},"north":{"uv":[0.5,4.25,1.0,5.375],"rotation":0,"texture":"#99bc5ecc-6795-c024-2034-a08b7bc821b7","tintindex":0},"south":{"uv":[3.875,1.875,4.375,3.0],"rotation":0,"texture":"#99bc5ecc-6795-c024-2034-a08b7bc821b7","tintindex":0},"up":{"uv":[1.5,7.5,1.0,7.0],"rotation":90,"texture":"#99bc5ecc-6795-c024-2034-a08b7bc821b7","tintindex":0},"west":{"uv":[0.0,4.0,0.5,5.125],"rotation":0,"texture":"#99bc5ecc-6795-c024-2034-a08b7bc821b7","tintindex":0}}}],"display":{"head":{"translation":[0.0,-6.4,0.0],"rotation":[0.0,0.0,0.0],"scale":[3.8095,3.8095,3.8095]},"gui":{"translation":[0.0,0.0,0.0],"rotation":[35.0,225.0,0.0],"scale":[0.625,0.625,0.625]}}}