{"file_name":"neck","texture_size":[128,128],"textures":{"99bc5ecc-6795-c024-2034-a08b7bc821b7":"modelengine:entity/rider"},"elements":[{"name":"cube","from":[6.488,11.012001,8.7560005],"to":[9.512001,14.036001,11.024],"rotation":{"angle":0.0,"axis":"x","origin":[8.0,-9.400001,8.0]},"faces":{"down":{"uv":[4.75,7.375,4.375,7.875],"rotation":270,"texture":"#99bc5ecc-6795-c024-2034-a08b7bc821b7","tintindex":0},"east":{"uv":[0.875,2.0,1.25,2.5],"rotation":0,"texture":"#99bc5ecc-6795-c024-2034-a08b7bc821b7","tintindex":0},"north":{"uv":[7.25,5.125,7.75,5.625],"rotation":0,"texture":"#99bc5ecc-6795-c024-2034-a08b7bc821b7","tintindex":0},"south":{"uv":[7.25,4.625,7.75,5.125],"rotation":0,"texture":"#99bc5ecc-6795-c024-2034-a08b7bc821b7","tintindex":0},"up":{"uv":[4.375,7.875,4.0,7.375],"rotation":90,"texture":"#99bc5ecc-6795-c024-2034-a08b7bc821b7","tintindex":0},"west":{"uv":[4.5,0.0,4.875,0.5],"rotation":0,"texture":"#99bc5ecc-6795-c024-2034-a08b7bc821b7","tintindex":0}}}],"display":{"head":{"translation":[0.0,-6.4,0.0],"rotation":[0.0,0.0,0.0],"scale":[3.8095,3.8095,3.8095]},"gui":{"translation":[0.0,0.0,0.0],"rotation":[35.0,225.0,0.0],"scale":[0.625,0.625,0.625]}}}