{"textures":{"0":"modelengine:entity/deer_spirit"},"elements":[{"name":"cube","from":[7.0928,22.678402,4.9675994],"to":[8.9072,25.7024,9.806],"rotation":{"angle":0.0,"axis":"x","origin":[7.6976,7.255999,12.83]},"faces":{"down":{"uv":[0.625,9.875,0.4375,10.375],"rotation":0,"texture":"#0","tintindex":0},"east":{"uv":[10.75,6.4375,11.25,6.75],"rotation":0,"texture":"#0","tintindex":0},"north":{"uv":[8.0625,4.375,8.25,4.6875],"rotation":0,"texture":"#0","tintindex":0},"south":{"uv":[2.25,8.8125,2.4375,9.125],"rotation":0,"texture":"#0","tintindex":0},"up":{"uv":[7.5625,4.3125,7.375,3.8125],"rotation":0,"texture":"#0","tintindex":0},"west":{"uv":[10.75,8.1875,11.25,8.5],"rotation":0,"texture":"#0","tintindex":0}}},{"name":"cube","from":[6.7904,22.2248,4.1813602],"to":[9.2096,23.888,7.3868003],"rotation":{"angle":0.0,"axis":"x","origin":[7.6976,7.255999,12.83]},"faces":{"down":{"uv":[2.8125,11.4375,2.5625,11.75],"rotation":0,"texture":"#0","tintindex":0},"east":{"uv":[6.625,10.5,6.9375,10.6875],"rotation":0,"texture":"#0","tintindex":0},"north":{"uv":[6.5,11.75,6.75,11.9375],"rotation":0,"texture":"#0","tintindex":0},"south":{"uv":[11.75,6.6875,12.0,6.875],"rotation":0,"texture":"#0","tintindex":0},"up":{"uv":[0.75,6.625,0.5,6.3125],"rotation":0,"texture":"#0","tintindex":0},"west":{"uv":[11.5,5.4375,11.8125,5.625],"rotation":0,"texture":"#0","tintindex":0}}}],"display":{"head":{"translation":[0.0,-6.4,0.0],"rotation":[0.0,0.0,0.0],"scale":[3.8095,3.8095,3.8095]}}}