{"textures":{"0":"modelengine:entity/deer_spirit"},"elements":[{"name":"cube","from":[6.5,4.25,5.1499996],"to":[9.35,7.1,8.15],"rotation":{"angle":-22.5,"axis":"y","origin":[7.4,20.3,6.8]},"faces":{"down":{"uv":[11.4375,9.8125,11.125,10.125],"rotation":0,"texture":"#0","tintindex":0},"east":{"uv":[7.875,11.125,8.1875,11.4375],"rotation":0,"texture":"#0","tintindex":0},"north":{"uv":[6.8125,11.125,7.125,11.4375],"rotation":0,"texture":"#0","tintindex":0},"south":{"uv":[8.1875,11.125,8.5,11.4375],"rotation":0,"texture":"#0","tintindex":0},"up":{"uv":[11.4375,9.8125,11.125,9.5],"rotation":0,"texture":"#0","tintindex":0},"west":{"uv":[8.5,11.125,8.8125,11.4375],"rotation":0,"texture":"#0","tintindex":0}}},{"name":"cube","from":[6.8,5.8999996,6.05],"to":[9.2,8.75,8.45],"rotation":{"angle":-22.5,"axis":"y","origin":[7.4,20.3,6.8]},"faces":{"down":{"uv":[10.6875,11.625,10.4375,11.875],"rotation":0,"texture":"#0","tintindex":0},"east":{"uv":[11.4375,11.125,11.6875,11.4375],"rotation":0,"texture":"#0","tintindex":0},"north":{"uv":[11.0625,11.4375,11.3125,11.75],"rotation":0,"texture":"#0","tintindex":0},"south":{"uv":[11.3125,11.4375,11.5625,11.75],"rotation":0,"texture":"#0","tintindex":0},"up":{"uv":[10.4375,11.875,10.1875,11.625],"rotation":0,"texture":"#0","tintindex":0},"west":{"uv":[0.5625,11.5,0.8125,11.8125],"rotation":0,"texture":"#0","tintindex":0}}},{"name":"cube","from":[6.2,4.25,7.7],"to":[8.45,6.6499996,11.15],"rotation":{"angle":0.0,"axis":"x","origin":[7.4,20.3,6.8]},"faces":{"down":{"uv":[0.5625,11.375,0.3125,11.75],"rotation":0,"texture":"#0","tintindex":0},"east":{"uv":[11.375,5.625,11.75,5.875],"rotation":0,"texture":"#0","tintindex":0},"north":{"uv":[10.6875,11.625,10.9375,11.875],"rotation":0,"texture":"#0","tintindex":0},"south":{"uv":[2.8125,11.6875,3.0625,11.9375],"rotation":0,"texture":"#0","tintindex":0},"up":{"uv":[3.5625,11.6875,3.3125,11.3125],"rotation":0,"texture":"#0","tintindex":0},"west":{"uv":[10.3125,11.375,10.6875,11.625],"rotation":0,"texture":"#0","tintindex":0}}},{"name":"cube","from":[8.0,4.25,5.1499996],"to":[10.25,6.95,11.15],"rotation":{"angle":0.0,"axis":"x","origin":[7.4,20.3,6.8]},"faces":{"down":{"uv":[6.5,10.875,6.25,11.5],"rotation":0,"texture":"#0","tintindex":0},"east":{"uv":[10.25,8.5,10.875,8.8125],"rotation":0,"texture":"#0","tintindex":0},"north":{"uv":[1.1875,11.5,1.4375,11.8125],"rotation":0,"texture":"#0","tintindex":0},"south":{"uv":[1.4375,11.5,1.6875,11.8125],"rotation":0,"texture":"#0","tintindex":0},"up":{"uv":[6.25,11.5,6.0,10.875],"rotation":0,"texture":"#0","tintindex":0},"west":{"uv":[10.25,8.8125,10.875,9.125],"rotation":0,"texture":"#0","tintindex":0}}}],"display":{"head":{"translation":[0.0,-6.4,0.0],"rotation":[0.0,0.0,0.0],"scale":[3.8095,3.8095,3.8095]}}}