{"textures":{"0":"modelengine:entity/deer_spirit"},"elements":[{"name":"cube","from":[5.3,6.5,1.9999998],"to":[10.700001,21.650002,8.15],"rotation":{"angle":0.0,"axis":"x","origin":[8.0,-1.0000005,-1.0000005]},"faces":{"down":{"uv":[6.625,9.25,6.0625,9.875],"rotation":0,"texture":"#0","tintindex":0},"east":{"uv":[2.6875,5.25,3.3125,6.8125],"rotation":0,"texture":"#0","tintindex":0},"north":{"uv":[5.75,5.3125,6.3125,6.875],"rotation":0,"texture":"#0","tintindex":0},"south":{"uv":[3.3125,5.875,3.875,7.4375],"rotation":0,"texture":"#0","tintindex":0},"up":{"uv":[9.8125,6.625,9.25,6.0],"rotation":0,"texture":"#0","tintindex":0},"west":{"uv":[5.4375,0.0,6.0625,1.5625],"rotation":0,"texture":"#0","tintindex":0}}},{"name":"cube","from":[4.7749996,-0.25000024,9.35],"to":[11.225,14.900001,15.5],"rotation":{"angle":-22.5,"axis":"x","origin":[7.925,-1.0000005,-1.0000005]},"faces":{"down":{"uv":[9.8125,1.125,9.125,1.75],"rotation":0,"texture":"#0","tintindex":0},"east":{"uv":[1.4375,5.4375,2.0625,7.0],"rotation":0,"texture":"#0","tintindex":0},"north":{"uv":[4.875,2.875,5.5625,4.4375],"rotation":0,"texture":"#0","tintindex":0},"south":{"uv":[0.75,5.0625,1.4375,6.625],"rotation":0,"texture":"#0","tintindex":0},"up":{"uv":[9.8125,1.125,9.125,0.5],"rotation":0,"texture":"#0","tintindex":0},"west":{"uv":[2.0625,5.4375,2.6875,7.0],"rotation":0,"texture":"#0","tintindex":0}}},{"name":"cube","from":[3.6499999,0.49999976,3.1999998],"to":[7.25,16.400002,8.0],"rotation":{"angle":0.0,"axis":"x","origin":[8.0,-1.0000005,-1.0000005]},"faces":{"down":{"uv":[10.6875,1.0,10.3125,1.5],"rotation":0,"texture":"#0","tintindex":0},"east":{"uv":[6.3125,5.3125,6.8125,7.0],"rotation":0,"texture":"#0","tintindex":0},"north":{"uv":[7.6875,0.9375,8.0625,2.625],"rotation":0,"texture":"#0","tintindex":0},"south":{"uv":[7.875,4.6875,8.25,6.375],"rotation":0,"texture":"#0","tintindex":0},"up":{"uv":[8.0625,3.125,7.6875,2.625],"rotation":0,"texture":"#0","tintindex":0},"west":{"uv":[6.4375,0.0,6.9375,1.6875],"rotation":0,"texture":"#0","tintindex":0}}},{"name":"cube","from":[-0.10000038,-1.7500005,7.4],"to":[5.8999996,9.950001,12.2],"rotation":{"angle":0.0,"axis":"x","origin":[8.0,-1.0000005,-1.0000005]},"faces":{"down":{"uv":[10.1875,2.25,9.5625,2.75],"rotation":0,"texture":"#0","tintindex":0},"east":{"uv":[1.0,7.9375,1.5,9.1875],"rotation":0,"texture":"#0","tintindex":0},"north":{"uv":[2.6875,6.8125,3.3125,8.0625],"rotation":0,"texture":"#0","tintindex":0},"south":{"uv":[6.8125,5.375,7.4375,6.625],"rotation":0,"texture":"#0","tintindex":0},"up":{"uv":[10.1875,2.25,9.5625,1.75],"rotation":0,"texture":"#0","tintindex":0},"west":{"uv":[0.0,8.0625,0.5,9.3125],"rotation":0,"texture":"#0","tintindex":0}}},{"name":"cube","from":[10.1,-1.7500005,7.4],"to":[16.1,9.950001,12.2],"rotation":{"angle":0.0,"axis":"x","origin":[8.0,-1.0000005,-1.0000005]},"faces":{"down":{"uv":[10.1875,3.25,9.5625,3.75],"rotation":0,"texture":"#0","tintindex":0},"east":{"uv":[8.0625,0.0,8.5625,1.25],"rotation":0,"texture":"#0","tintindex":0},"north":{"uv":[6.8125,6.625,7.4375,7.875],"rotation":0,"texture":"#0","tintindex":0},"south":{"uv":[5.375,6.875,6.0,8.125],"rotation":0,"texture":"#0","tintindex":0},"up":{"uv":[10.1875,3.25,9.5625,2.75],"rotation":0,"texture":"#0","tintindex":0},"west":{"uv":[8.0625,1.25,8.5625,2.5],"rotation":0,"texture":"#0","tintindex":0}}},{"name":"cube","from":[8.75,0.49999976,3.1999998],"to":[12.35,16.400002,8.0],"rotation":{"angle":0.0,"axis":"x","origin":[8.0,-1.0000005,-1.0000005]},"faces":{"down":{"uv":[5.125,10.3125,4.75,10.8125],"rotation":0,"texture":"#0","tintindex":0},"east":{"uv":[6.5625,1.6875,7.0625,3.375],"rotation":0,"texture":"#0","tintindex":0},"north":{"uv":[7.875,6.375,8.25,8.0625],"rotation":0,"texture":"#0","tintindex":0},"south":{"uv":[6.625,7.875,7.0,9.5625],"rotation":0,"texture":"#0","tintindex":0},"up":{"uv":[10.6875,4.1875,10.3125,3.6875],"rotation":0,"texture":"#0","tintindex":0},"west":{"uv":[0.5,6.625,1.0,8.3125],"rotation":0,"texture":"#0","tintindex":0}}},{"name":"cube","from":[5.825,1.0999997,0.19999981],"to":[10.175,12.05,6.2],"rotation":{"angle":0.0,"axis":"x","origin":[8.075,-1.0000005,-1.0000005]},"faces":{"down":{"uv":[10.25,8.625,9.8125,9.25],"rotation":0,"texture":"#0","tintindex":0},"east":{"uv":[7.0625,0.9375,7.6875,2.0625],"rotation":0,"texture":"#0","tintindex":0},"north":{"uv":[7.375,8.375,7.8125,9.5],"rotation":0,"texture":"#0","tintindex":0},"south":{"uv":[8.75,5.0,9.1875,6.125],"rotation":0,"texture":"#0","tintindex":0},"up":{"uv":[3.75,5.875,3.3125,5.25],"rotation":0,"texture":"#0","tintindex":0},"west":{"uv":[7.0625,2.0625,7.6875,3.1875],"rotation":0,"texture":"#0","tintindex":0}}}],"display":{"head":{"translation":[0.0,-6.4,0.0],"rotation":[0.0,0.0,0.0],"scale":[3.8095,3.8095,3.8095]}}}