{"textures":{"0":"modelengine:entity/bearmeg","1":"modelengine:entity/beararmor"},"elements":[{"name":"box2","from":[6.3011293,4.300802,6.4148607],"to":[9.221925,7.970143,9.335656],"rotation":{"angle":0.0,"axis":"x","origin":[2.8764112,17.388117,-7.895567]},"faces":{"down":{"uv":[0.875,10.25,0.0,11.125],"rotation":0,"texture":"#0","tintindex":0},"east":{"uv":[11.375,9.25,12.0,10.0],"rotation":0,"texture":"#0","tintindex":0},"north":{"uv":[12.0,9.25,11.375,10.0],"rotation":0,"texture":"#0","tintindex":0},"south":{"uv":[11.375,9.25,12.0,10.0],"rotation":0,"texture":"#0","tintindex":0},"up":{"uv":[11.375,9.25,12.0,10.0],"rotation":0,"texture":"#0","tintindex":0},"west":{"uv":[11.375,9.25,12.0,10.0],"rotation":0,"texture":"#0","tintindex":0}}},{"name":"box2","from":[5.9341946,2.7107546,4.665808],"to":[9.890966,4.300802,8.435444],"rotation":{"angle":0.0,"axis":"x","origin":[12.66132,18.611229,-7.895567]},"faces":{"down":{"uv":[4.75,10.75,5.625,11.5],"rotation":0,"texture":"#0","tintindex":0},"east":{"uv":[5.875,12.0,5.125,12.375],"rotation":0,"texture":"#0","tintindex":0},"north":{"uv":[5.125,12.0,5.875,12.375],"rotation":0,"texture":"#0","tintindex":0},"south":{"uv":[5.875,12.0,5.125,12.375],"rotation":0,"texture":"#0","tintindex":0},"up":{"uv":[11.375,10.5,10.5,9.75],"rotation":0,"texture":"#0","tintindex":0},"west":{"uv":[5.125,12.0,5.875,12.375],"rotation":0,"texture":"#0","tintindex":0}}},{"name":"box24","from":[6.056506,3.3223114,3.9686337],"to":[6.668063,4.056179,4.7025013],"rotation":{"angle":0.0,"axis":"x","origin":[13.884433,18.611229,-4.2262273]},"faces":{"down":{"uv":[12.25,4.25,12.125,4.375],"rotation":0,"texture":"#0","tintindex":0},"east":{"uv":[1.5,11.875,1.625,12.0],"rotation":0,"texture":"#0","tintindex":0},"north":{"uv":[5.25,11.875,5.375,12.0],"rotation":0,"texture":"#0","tintindex":0},"south":{"uv":[5.5,11.875,5.625,12.0],"rotation":0,"texture":"#0","tintindex":0},"up":{"uv":[1.5,11.875,1.625,12.0],"rotation":0,"texture":"#0","tintindex":0},"west":{"uv":[7.5,11.875,7.625,12.0],"rotation":0,"texture":"#0","tintindex":0}}},{"name":"box24","from":[6.117662,3.3223114,2.8678317],"to":[6.6356506,3.8402998,4.2132564],"rotation":{"angle":-22.5,"axis":"x","origin":[15.107547,3.2,3.9686337]},"faces":{"down":{"uv":[4.75,9.875,5.0,10.0],"rotation":0,"texture":"#0","tintindex":0},"east":{"uv":[4.75,9.875,5.0,10.0],"rotation":0,"texture":"#0","tintindex":0},"north":{"uv":[4.75,9.875,5.0,10.0],"rotation":0,"texture":"#0","tintindex":0},"south":{"uv":[12.125,7.875,12.25,8.0],"rotation":0,"texture":"#0","tintindex":0},"up":{"uv":[10.5,2.375,10.375,2.125],"rotation":0,"texture":"#0","tintindex":0},"west":{"uv":[4.75,9.875,5.0,10.0],"rotation":0,"texture":"#0","tintindex":0}}},{"name":"box25","from":[6.85153,3.4446228,2.74552],"to":[7.3695188,3.9626112,4.0909452],"rotation":{"angle":-22.5,"axis":"x","origin":[16.330662,3.2,3.9686337]},"faces":{"down":{"uv":[4.75,9.875,5.0,10.0],"rotation":0,"texture":"#0","tintindex":0},"east":{"uv":[4.75,9.875,5.0,10.0],"rotation":0,"texture":"#0","tintindex":0},"north":{"uv":[4.75,9.875,5.0,10.0],"rotation":0,"texture":"#0","tintindex":0},"south":{"uv":[1.875,12.25,2.0,12.375],"rotation":0,"texture":"#0","tintindex":0},"up":{"uv":[10.5,2.375,10.375,2.125],"rotation":0,"texture":"#0","tintindex":0},"west":{"uv":[4.75,9.875,5.0,10.0],"rotation":0,"texture":"#0","tintindex":0}}},{"name":"box25","from":[6.7903743,3.3223114,3.724011],"to":[7.463087,4.056179,4.7025013],"rotation":{"angle":0.0,"axis":"x","origin":[15.107547,18.611229,-4.2262273]},"faces":{"down":{"uv":[12.25,4.25,12.125,4.375],"rotation":0,"texture":"#0","tintindex":0},"east":{"uv":[7.75,4.5,8.0,4.625],"rotation":0,"texture":"#0","tintindex":0},"north":{"uv":[9.375,12.0,9.5,12.125],"rotation":0,"texture":"#0","tintindex":0},"south":{"uv":[10.125,12.0,10.25,12.125],"rotation":0,"texture":"#0","tintindex":0},"up":{"uv":[1.5,11.875,1.625,12.0],"rotation":0,"texture":"#0","tintindex":0},"west":{"uv":[8.0,4.5,8.25,4.625],"rotation":0,"texture":"#0","tintindex":0}}},{"name":"box25","from":[7.5242424,3.3223114,3.4793885],"to":[8.196955,4.056179,4.7025013],"rotation":{"angle":0.0,"axis":"x","origin":[16.330662,18.611229,-4.2262273]},"faces":{"down":{"uv":[12.25,4.25,12.125,4.375],"rotation":0,"texture":"#0","tintindex":0},"east":{"uv":[6.25,4.625,6.5,4.75],"rotation":0,"texture":"#0","tintindex":0},"north":{"uv":[3.625,12.0,3.75,12.125],"rotation":0,"texture":"#0","tintindex":0},"south":{"uv":[3.75,12.0,3.875,12.125],"rotation":0,"texture":"#0","tintindex":0},"up":{"uv":[1.5,11.875,1.625,12.0],"rotation":0,"texture":"#0","tintindex":0},"west":{"uv":[2.25,6.5,2.5,6.625],"rotation":0,"texture":"#0","tintindex":0}}},{"name":"box25","from":[7.585398,3.0776887,2.3785863],"to":[8.103387,3.5956774,3.724011],"rotation":{"angle":-22.5,"axis":"x","origin":[17.553774,3.2,2.74552]},"faces":{"down":{"uv":[4.75,9.875,5.0,10.0],"rotation":0,"texture":"#0","tintindex":0},"east":{"uv":[4.75,9.875,5.0,10.0],"rotation":0,"texture":"#0","tintindex":0},"north":{"uv":[4.75,9.875,5.0,10.0],"rotation":0,"texture":"#0","tintindex":0},"south":{"uv":[0.875,12.25,1.0,12.375],"rotation":0,"texture":"#0","tintindex":0},"up":{"uv":[10.5,2.375,10.375,2.125],"rotation":0,"texture":"#0","tintindex":0},"west":{"uv":[4.75,9.875,5.0,10.0],"rotation":0,"texture":"#0","tintindex":0}}},{"name":"box26","from":[8.441578,2.955377,2.6232085],"to":[8.959566,3.473366,3.9686337],"rotation":{"angle":-22.5,"axis":"x","origin":[18.776886,3.2,2.74552]},"faces":{"down":{"uv":[4.75,9.875,5.0,10.0],"rotation":0,"texture":"#0","tintindex":0},"east":{"uv":[4.75,9.875,5.0,10.0],"rotation":0,"texture":"#0","tintindex":0},"north":{"uv":[4.75,9.875,5.0,10.0],"rotation":0,"texture":"#0","tintindex":0},"south":{"uv":[2.875,12.25,3.0,12.375],"rotation":0,"texture":"#0","tintindex":0},"up":{"uv":[10.5,2.375,10.375,2.125],"rotation":0,"texture":"#0","tintindex":0},"west":{"uv":[4.75,9.875,5.0,10.0],"rotation":0,"texture":"#0","tintindex":0}}},{"name":"box26","from":[8.380423,3.3223114,3.724011],"to":[9.053135,4.056179,4.7025013],"rotation":{"angle":0.0,"axis":"x","origin":[17.553774,18.611229,-4.2262273]},"faces":{"down":{"uv":[12.25,4.25,12.125,4.375],"rotation":0,"texture":"#0","tintindex":0},"east":{"uv":[9.125,8.5,9.375,8.625],"rotation":0,"texture":"#0","tintindex":0},"north":{"uv":[4.125,12.125,4.25,12.25],"rotation":0,"texture":"#0","tintindex":0},"south":{"uv":[4.25,12.125,4.375,12.25],"rotation":0,"texture":"#0","tintindex":0},"up":{"uv":[1.5,11.875,1.625,12.0],"rotation":0,"texture":"#0","tintindex":0},"west":{"uv":[9.25,5.625,9.5,5.75],"rotation":0,"texture":"#0","tintindex":0}}},{"name":"box27","from":[9.114289,3.3223114,3.9686337],"to":[9.787003,4.056179,4.7025013],"rotation":{"angle":0.0,"axis":"x","origin":[18.776886,18.611229,-4.2262273]},"faces":{"down":{"uv":[12.25,4.25,12.125,4.375],"rotation":0,"texture":"#0","tintindex":0},"east":{"uv":[1.5,11.875,1.625,12.0],"rotation":0,"texture":"#0","tintindex":0},"north":{"uv":[12.125,4.375,12.25,4.5],"rotation":0,"texture":"#0","tintindex":0},"south":{"uv":[12.125,4.625,12.25,4.75],"rotation":0,"texture":"#0","tintindex":0},"up":{"uv":[1.5,11.875,1.625,12.0],"rotation":0,"texture":"#0","tintindex":0},"west":{"uv":[12.125,4.75,12.25,4.875],"rotation":0,"texture":"#0","tintindex":0}}},{"name":"box27","from":[9.175446,3.3223114,2.8678317],"to":[9.693434,3.8402998,4.2132564],"rotation":{"angle":-22.5,"axis":"x","origin":[20.0,3.2,3.9686337]},"faces":{"down":{"uv":[4.75,9.875,5.0,10.0],"rotation":0,"texture":"#0","tintindex":0},"east":{"uv":[4.75,9.875,5.0,10.0],"rotation":0,"texture":"#0","tintindex":0},"north":{"uv":[4.75,9.875,5.0,10.0],"rotation":0,"texture":"#0","tintindex":0},"south":{"uv":[4.5,12.25,4.625,12.375],"rotation":0,"texture":"#0","tintindex":0},"up":{"uv":[10.5,2.375,10.375,2.125],"rotation":0,"texture":"#0","tintindex":0},"west":{"uv":[4.75,9.875,5.0,10.0],"rotation":0,"texture":"#0","tintindex":0}}}],"display":{"head":{"translation":[0.0,-6.4,0.0],