{"file_name":"plate","texture_size":[32,32],"textures":{"842b460a-e9fd-55c1-c9e6-0aa25709c3de":"modelengine:entity/spike_trap"},"elements":[{"name":"cube","from":[3.7999997,5.45,10.4],"to":[12.2,6.05,11.6],"rotation":{"angle":0.0,"axis":"x","origin":[8.0,4.85,8.0]},"faces":{"down":{"uv":[14.0,6.0,7.0,5.0],"rotation":0,"texture":"#842b460a-e9fd-55c1-c9e6-0aa25709c3de","tintindex":0},"east":{"uv":[10.0,12.0,9.0,12.5],"rotation":0,"texture":"#842b460a-e9fd-55c1-c9e6-0aa25709c3de","tintindex":0},"north":{"uv":[14.0,9.5,7.0,10.0],"rotation":0,"texture":"#842b460a-e9fd-55c1-c9e6-0aa25709c3de","tintindex":0},"south":{"uv":[14.0,9.0,7.0,9.5],"rotation":0,"texture":"#842b460a-e9fd-55c1-c9e6-0aa25709c3de","tintindex":0},"up":{"uv":[14.0,4.0,7.0,5.0],"rotation":0,"texture":"#842b460a-e9fd-55c1-c9e6-0aa25709c3de","tintindex":0},"west":{"uv":[11.0,12.0,10.0,12.5],"rotation":0,"texture":"#842b460a-e9fd-55c1-c9e6-0aa25709c3de","tintindex":0}}},{"name":"cube","from":[3.1999998,5.45,10.4],"to":[3.7999997,6.05,11.6],"rotation":{"angle":0.0,"axis":"x","origin":[8.0,4.85,8.0]},"faces":{"down":{"uv":[14.0,6.0,7.0,5.0],"rotation":0,"texture":"#842b460a-e9fd-55c1-c9e6-0aa25709c3de","tintindex":0},"east":{"uv":[10.0,12.0,9.0,12.5],"rotation":0,"texture":"#842b460a-e9fd-55c1-c9e6-0aa25709c3de","tintindex":0},"north":{"uv":[13.5,9.5,14.0,10.0],"rotation":0,"texture":"#842b460a-e9fd-55c1-c9e6-0aa25709c3de","tintindex":0},"south":{"uv":[13.5,9.0,14.0,9.5],"rotation":0,"texture":"#842b460a-e9fd-55c1-c9e6-0aa25709c3de","tintindex":0},"up":{"uv":[13.5,4.0,14.0,5.0],"rotation":0,"texture":"#842b460a-e9fd-55c1-c9e6-0aa25709c3de","tintindex":0},"west":{"uv":[11.0,12.0,10.0,12.5],"rotation":0,"texture":"#842b460a-e9fd-55c1-c9e6-0aa25709c3de","tintindex":0}}},{"name":"cube","from":[12.2,5.45,10.4],"to":[12.8,6.05,11.6],"rotation":{"angle":0.0,"axis":"x","origin":[8.0,4.85,8.0]},"faces":{"down":{"uv":[14.0,6.0,7.0,5.0],"rotation":0,"texture":"#842b460a-e9fd-55c1-c9e6-0aa25709c3de","tintindex":0},"east":{"uv":[10.0,12.0,9.0,12.5],"rotation":0,"texture":"#842b460a-e9fd-55c1-c9e6-0aa25709c3de","tintindex":0},"north":{"uv":[13.5,9.5,14.0,10.0],"rotation":0,"texture":"#842b460a-e9fd-55c1-c9e6-0aa25709c3de","tintindex":0},"south":{"uv":[13.5,9.0,14.0,9.5],"rotation":0,"texture":"#842b460a-e9fd-55c1-c9e6-0aa25709c3de","tintindex":0},"up":{"uv":[13.5,4.0,14.0,5.0],"rotation":0,"texture":"#842b460a-e9fd-55c1-c9e6-0aa25709c3de","tintindex":0},"west":{"uv":[11.0,12.0,10.0,12.5],"rotation":0,"texture":"#842b460a-e9fd-55c1-c9e6-0aa25709c3de","tintindex":0}}},{"name":"cube","from":[3.1999998,5.45,4.3999996],"to":[3.7999997,6.05,5.6],"rotation":{"angle":0.0,"axis":"x","origin":[8.0,4.85,8.0]},"faces":{"down":{"uv":[14.0,6.0,7.0,5.0],"rotation":0,"texture":"#842b460a-e9fd-55c1-c9e6-0aa25709c3de","tintindex":0},"east":{"uv":[10.0,12.0,9.0,12.5],"rotation":0,"texture":"#842b460a-e9fd-55c1-c9e6-0aa25709c3de","tintindex":0},"north":{"uv":[13.5,9.5,14.0,10.0],"rotation":0,"texture":"#842b460a-e9fd-55c1-c9e6-0aa25709c3de","tintindex":0},"south":{"uv":[13.5,9.0,14.0,9.5],"rotation":0,"texture":"#842b460a-e9fd-55c1-c9e6-0aa25709c3de","tintindex":0},"up":{"uv":[13.5,4.0,14.0,5.0],"rotation":0,"texture":"#842b460a-e9fd-55c1-c9e6-0aa25709c3de","tintindex":0},"west":{"uv":[11.0,12.0,10.0,12.5],"rotation":0,"texture":"#842b460a-e9fd-55c1-c9e6-0aa25709c3de","tintindex":0}}},{"name":"cube","from":[12.2,5.45,4.3999996],"to":[12.8,6.05,5.6],"rotation":{"angle":0.0,"axis":"x","origin":[8.0,4.85,8.0]},"faces":{"down":{"uv":[14.0,6.0,7.0,5.0],"rotation":0,"texture":"#842b460a-e9fd-55c1-c9e6-0aa25709c3de","tintindex":0},"east":{"uv":[10.0,12.0,9.0,12.5],"rotation":0,"texture":"#842b460a-e9fd-55c1-c9e6-0aa25709c3de","tintindex":0},"north":{"uv":[13.5,9.5,14.0,10.0],"rotation":0,"texture":"#842b460a-e9fd-55c1-c9e6-0aa25709c3de","tintindex":0},"south":{"uv":[13.5,9.0,14.0,9.5],"rotation":0,"texture":"#842b460a-e9fd-55c1-c9e6-0aa25709c3de","tintindex":0},"up":{"uv":[13.5,4.0,14.0,5.0],"rotation":0,"texture":"#842b460a-e9fd-55c1-c9e6-0aa25709c3de","tintindex":0},"west":{"uv":[11.0,12.0,10.0,12.5],"rotation":0,"texture":"#842b460a-e9fd-55c1-c9e6-0aa25709c3de","tintindex":0}}},{"name":"cube","from":[3.1999998,5.45,6.8],"to":[3.7999997,6.05,9.2],"rotation":{"angle":0.0,"axis":"x","origin":[8.0,4.85,8.0]},"faces":{"down":{"uv":[14.0,6.0,7.0,5.0],"rotation":0,"texture":"#842b460a-e9fd-55c1-c9e6-0aa25709c3de","tintindex":0},"east":{"uv":[10.0,12.0,9.0,12.5],"rotation":0,"texture":"#842b460a-e9fd-55c1-c9e6-0aa25709c3de","tintindex":0},"north":{"uv":[13.5,9.5,14.0,10.0],"rotation":0,"texture":"#842b460a-e9fd-55c1-c9e6-0aa25709c3de","tintindex":0},"south":{"uv":[13.5,9.0,14.0,9.5],"rotation":0,"texture":"#842b460a-e9fd-55c1-c9e6-0aa25709c3de","tintindex":0},"up":{"uv":[13.5,4.0,14.0,5.0],"rotation":0,"texture":"#842b460a-e9fd-55c1-c9e6-0aa25709c3de","tintindex":0},"west":{"uv":[11.0,12.0,10.0,12.5],"rotation":0,"texture":"#842b460a-e9fd-55c1-c9e6-0aa25709c3de","tintindex":0}}},{"name":"cube","from":[12.2,5.45,6.8],"to":[12.8,6.05,9.2],"rotation":{"angle":0.0,"axis":"x","origin":[8.0,4.85,8.0]},"faces":{"down":{"uv":[14.0,6.0,7.0,5.0],"rotation":0,"texture":"#842b460a-e9fd-55c1-c9e6-0aa25709c3de","tintindex":0},"east":{"uv":[10.0,12.0,9.0,12.5],"rotation":0,"texture":"#842b460a-e9fd-55c1-c9e6-0aa25709c3de","tintindex":0},"north":{"uv":[13.5,9.5,14.0,10.0],"rotation":0,"texture":"#842b460a-e9fd-55c1-c9e6-0aa25709c3de","tintindex":0},"south":{"uv":[13.5,9.0,14.0,9.5],"rotation":0,"texture":"#842b460a-e9fd-55c1-c9e6-0aa25709c3de","tintindex":0},"up":{"uv":[13.5,4.0,14.0,5.0],"rotation":0,"texture":"#842b460a-e9fd-55c1-c9e6-0aa25709c3de","tintindex":0},"west":{"uv":[11.0,12.0,10.0,12.5],"rotation":0,"texture":"#842b460a-e9fd-55c1-c9e6-0aa25709c3de","tintindex":0}}},{"name":"cube","from":[3.7999997,4.85,3.7999997],"to":[12.2,5.45,12.2],"rotation":{"angle":0.0,"axis":"x","origin":[8.0,4.85,8.0]},"faces":{"down":{"uv":[7.0,7.0,0.0,14.0],"rotation":0,"texture":"#842b460a-e9fd-55c1-c9e6-0aa25709c3de","tintindex":0},"east":{"uv":[7.0,6.5,14.0,7.0],"rotation":0,"texture":"#842b460a-e9fd-55c1-c9e6-0aa25709c3de","tintindex":0},"north":{"uv":[7.0,6.0,14.0,6.5],"rotation":0,"texture":"#842b460a-e9fd-55c1-c9e6-0aa25709c3de","tintindex":0},"south":{"uv":[7.0,7.0,14.0,7.5],"rotation":0,"texture":"#842b460a-e9fd-55c1-c9e6-0aa25709c3de","tintindex":0},"up":{"uv":[7.0,7.0,0.0,0.0],"rotation":0,"texture":"#842b460a-e9fd-55c1-c9e6-0aa25709c3de","tintindex":0},"west":{"uv":[7.0,7.5,14.0,8.0],"rotation":0,"texture":"#842b460a-e9fd-55c1-c9e6-0aa25709c3de","tintindex":0}}},{"name":"cube","from":[3.1999998,4.85,3.7999997],"to":[3.7999997,5.45,12.2],"rotation":{"angle":0.0,"axis":"x","origin":[8.0,4.85,8.0]},"faces":{"down":{"uv":[7.0,7.0,7.5,14.0],"rotation":0,"texture":"#842b460a-e9fd-55c1-c9e6-0aa25709c3de","tintindex":0},"east":{"uv":[7.0,6.5,14.0,7.0],"rotation":0,"texture":"#842b460a-e9fd-55c1-c9e6-0aa25709c3de","tintindex":0},"north":{"uv":[7.0,6.0,7.5,6.5],"rotation":0,"texture":"#842b460a-e9fd-55c1-c9e6-0aa25709c3de","tintindex":0},"south":{"uv":[7.0,7.0,7.5,7.5],"rotation":0,"texture":"#842b460a-e9fd-55c1-c9e6-0aa25709c3de","tintindex":0},"up":{"uv":[6.5,7.0,7.0,0.0],"rotation":0,"texture":"#842b460a-e9fd-55c1-c9e6-0aa25709c3de","tintindex":0},"west":{"uv":[7.0,7.5,7.5,8.0],"rotation":0,"texture":"#842b460a-e9fd-55c1-c9e6-0aa25709c3de","tintindex":0}}},{"name":"cube","from":[12.2,4.85,3.7999997],"to":[12.8,5.45,12.2],"rotation":{"angle":0.0,"axis":"x","origin":[8.0,4.85,8.0]},"faces":{"down":{"uv":[7.0,7.0,7.5,14.0],"rotation":0,"texture":"#842b460a-e9fd-55c1-c9e6-0aa25709c3de","tintindex":0},"east":{"uv":[7.0,6.5,14.0,7.0],"rotation":0,"texture":"#842b460a-e9fd-55c1-c9e6-0aa25709c3de","tintindex":0},"north":{"uv":[7.0,6.0,7.5,6.5],"rotation":0,"texture":"#842b460a-e9fd-55c1-c9e6-0aa25709c3de","tintindex":0},"south":{"uv":[7.0,7.0,7.5,7.5],"rotation":0,"texture":"#842b460a-e9fd-55c1-c9e6-0aa25709c3de","tintindex":0},"up":{"uv":[6.5,7.0,7.0,0.0],