{"file_name":"leftleg_low","texture_size":[64,64],"textures":{"a3809906-d6d4-5eea-33a4-7b0e2d68fb0a":"modelengine:entity/frog"},"elements":[{"name":"cube","from":[6.2,5.8509564,6.9688516],"to":[9.8,8.2509575,12.968852],"rotation":{"angle":45.0,"axis":"x","origin":[8.0,7.6991262,8.411016]},"faces":{"down":{"uv":[0.0,0.0,2.75,5.0],"rotation":0,"texture":"#a3809906-d6d4-5eea-33a4-7b0e2d68fb0a","tintindex":0},"east":{"uv":[0.0,0.0,4.0,2.5],"rotation":0,"texture":"#a3809906-d6d4-5eea-33a4-7b0e2d68fb0a","tintindex":0},"north":{"uv":[0.0,0.0,2.75,5.0],"rotation":0,"texture":"#a3809906-d6d4-5eea-33a4-7b0e2d68fb0a","tintindex":0},"south":{"uv":[0.0,0.0,2.75,5.0],"rotation":0,"texture":"#a3809906-d6d4-5eea-33a4-7b0e2d68fb0a","tintindex":0},"up":{"uv":[0.0,0.0,2.75,5.0],"rotation":0,"texture":"#a3809906-d6d4-5eea-33a4-7b0e2d68fb0a","tintindex":0},"west":{"uv":[0.0,0.0,4.0,2.5],"rotation":0,"texture":"#a3809906-d6d4-5eea-33a4-7b0e2d68fb0a","tintindex":0}}},{"name":"cube","from":[6.8,2.9003918,3.5087745],"to":[9.2,7.700392,5.9087744],"rotation":{"angle":45.0,"axis":"x","origin":[6.8,-1.4441514,4.9149156]},"faces":{"down":{"uv":[0.0,0.0,4.0,8.0],"rotation":0,"texture":"#a3809906-d6d4-5eea-33a4-7b0e2d68fb0a","tintindex":0},"east":{"uv":[0.0,0.0,4.0,8.0],"rotation":0,"texture":"#a3809906-d6d4-5eea-33a4-7b0e2d68fb0a","tintindex":0},"north":{"uv":[0.0,0.0,4.0,8.0],"rotation":0,"texture":"#a3809906-d6d4-5eea-33a4-7b0e2d68fb0a","tintindex":0},"south":{"uv":[0.0,0.0,2.75,5.0],"rotation":0,"texture":"#a3809906-d6d4-5eea-33a4-7b0e2d68fb0a","tintindex":0},"up":{"uv":[0.0,0.0,4.0,8.0],"rotation":0,"texture":"#a3809906-d6d4-5eea-33a4-7b0e2d68fb0a","tintindex":0},"west":{"uv":[0.0,0.0,4.0,8.0],"rotation":0,"texture":"#a3809906-d6d4-5eea-33a4-7b0e2d68fb0a","tintindex":0}}},{"name":"cube","from":[5.6,2.515849,2.2149158],"to":[10.4,3.7158492,7.0149155],"rotation":{"angle":22.5,"axis":"x","origin":[6.8,-2.6441512,3.7149155]},"faces":{"down":{"uv":[0.0,0.0,2.75,5.0],"rotation":0,"texture":"#a3809906-d6d4-5eea-33a4-7b0e2d68fb0a","tintindex":0},"east":{"uv":[0.0,0.0,4.0,1.0],"rotation":0,"texture":"#a3809906-d6d4-5eea-33a4-7b0e2d68fb0a","tintindex":0},"north":{"uv":[0.0,0.0,4.0,1.0],"rotation":0,"texture":"#a3809906-d6d4-5eea-33a4-7b0e2d68fb0a","tintindex":0},"south":{"uv":[0.0,0.0,4.0,1.0],"rotation":0,"texture":"#a3809906-d6d4-5eea-33a4-7b0e2d68fb0a","tintindex":0},"up":{"uv":[0.0,0.0,2.75,5.0],"rotation":0,"texture":"#a3809906-d6d4-5eea-33a4-7b0e2d68fb0a","tintindex":0},"west":{"uv":[0.0,0.0,4.0,1.0],"rotation":0,"texture":"#a3809906-d6d4-5eea-33a4-7b0e2d68fb0a","tintindex":0}}}],"display":{"head":{"translation":[0.0,-6.4,0.0],"rotation":[0.0,0.0,0.0],"scale":[3.8095,3.8095,3.8095]},"gui":{"translation":[0.0,0.0,0.0],"rotation":[35.0,225.0,0.0],"scale":[0.625,0.625,0.625]}}}