{"file_name":"rightarm","texture_size":[64,64],"textures":{"a3809906-d6d4-5eea-33a4-7b0e2d68fb0a":"modelengine:entity/frog"},"elements":[{"name":"cube","from":[8.0,0.7999997,5.6],"to":[10.4,8.0,10.4],"rotation":{"angle":0.0,"axis":"x","origin":[11.6,0.7999997,5.6]},"faces":{"down":{"uv":[0.0,0.0,2.75,5.0],"rotation":0,"texture":"#a3809906-d6d4-5eea-33a4-7b0e2d68fb0a","tintindex":0},"east":{"uv":[0.0,0.0,2.75,5.0],"rotation":0,"texture":"#a3809906-d6d4-5eea-33a4-7b0e2d68fb0a","tintindex":0},"north":{"uv":[0.0,0.0,2.75,5.0],"rotation":0,"texture":"#a3809906-d6d4-5eea-33a4-7b0e2d68fb0a","tintindex":0},"south":{"uv":[0.0,0.0,2.75,5.0],"rotation":0,"texture":"#a3809906-d6d4-5eea-33a4-7b0e2d68fb0a","tintindex":0},"up":{"uv":[0.0,0.0,2.75,5.0],"rotation":0,"texture":"#a3809906-d6d4-5eea-33a4-7b0e2d68fb0a","tintindex":0},"west":{"uv":[0.0,0.0,2.75,5.0],"rotation":0,"texture":"#a3809906-d6d4-5eea-33a4-7b0e2d68fb0a","tintindex":0}}},{"name":"cube","from":[8.0,4.3999996,6.8],"to":[11.6,9.2,11.6],"rotation":{"angle":-45.0,"axis":"x","origin":[11.6,5.6,8.0]},"faces":{"down":{"uv":[0.0,0.0,4.0,4.0],"rotation":0,"texture":"#a3809906-d6d4-5eea-33a4-7b0e2d68fb0a","tintindex":0},"east":{"uv":[0.0,0.0,4.0,4.0],"rotation":0,"texture":"#a3809906-d6d4-5eea-33a4-7b0e2d68fb0a","tintindex":0},"north":{"uv":[0.0,0.0,4.0,4.0],"rotation":0,"texture":"#a3809906-d6d4-5eea-33a4-7b0e2d68fb0a","tintindex":0},"south":{"uv":[0.0,0.0,4.0,4.0],"rotation":0,"texture":"#a3809906-d6d4-5eea-33a4-7b0e2d68fb0a","tintindex":0},"up":{"uv":[0.0,0.0,4.0,4.0],"rotation":0,"texture":"#a3809906-d6d4-5eea-33a4-7b0e2d68fb0a","tintindex":0},"west":{"uv":[0.0,0.0,4.0,4.0],"rotation":0,"texture":"#a3809906-d6d4-5eea-33a4-7b0e2d68fb0a","tintindex":0}}}],"display":{"head":{"translation":[0.0,-6.4,0.0],"rotation":[0.0,0.0,0.0],"scale":[3.8095,3.8095,3.8095]},"gui":{"translation":[0.0,0.0,0.0],"rotation":[35.0,225.0,0.0],"scale":[0.625,0.625,0.625]}}}