{"file_name":"rightleg","texture_size":[64,64],"textures":{"a3809906-d6d4-5eea-33a4-7b0e2d68fb0a":"modelengine:entity/frog"},"elements":[{"name":"cube","from":[8.0,3.1999998,6.2],"to":[10.4,8.0,9.8],"rotation":{"angle":0.0,"axis":"x","origin":[11.6,0.7999997,6.2]},"faces":{"down":{"uv":[0.0,0.0,2.75,5.0],"rotation":0,"texture":"#a3809906-d6d4-5eea-33a4-7b0e2d68fb0a","tintindex":0},"east":{"uv":[0.0,0.0,2.75,5.0],"rotation":0,"texture":"#a3809906-d6d4-5eea-33a4-7b0e2d68fb0a","tintindex":0},"north":{"uv":[0.0,0.0,2.75,5.0],"rotation":0,"texture":"#a3809906-d6d4-5eea-33a4-7b0e2d68fb0a","tintindex":0},"south":{"uv":[0.0,0.0,2.75,5.0],"rotation":0,"texture":"#a3809906-d6d4-5eea-33a4-7b0e2d68fb0a","tintindex":0},"up":{"uv":[0.0,0.0,2.75,5.0],"rotation":0,"texture":"#a3809906-d6d4-5eea-33a4-7b0e2d68fb0a","tintindex":0},"west":{"uv":[0.0,0.0,2.75,5.0],"rotation":0,"texture":"#a3809906-d6d4-5eea-33a4-7b0e2d68fb0a","tintindex":0}}},{"name":"cube","from":[8.0,5.12,8.6],"to":[11.6,8.72,12.2],"rotation":{"angle":-45.0,"axis":"x","origin":[11.6,4.3999996,8.6]},"faces":{"down":{"uv":[0.0,0.0,2.75,5.0],"rotation":0,"texture":"#a3809906-d6d4-5eea-33a4-7b0e2d68fb0a","tintindex":0},"east":{"uv":[0.0,0.0,2.75,5.0],"rotation":0,"texture":"#a3809906-d6d4-5eea-33a4-7b0e2d68fb0a","tintindex":0},"north":{"uv":[0.0,0.0,2.75,5.0],"rotation":0,"texture":"#a3809906-d6d4-5eea-33a4-7b0e2d68fb0a","tintindex":0},"south":{"uv":[0.0,0.0,2.75,5.0],"rotation":0,"texture":"#a3809906-d6d4-5eea-33a4-7b0e2d68fb0a","tintindex":0},"up":{"uv":[0.0,0.0,2.75,5.0],"rotation":0,"texture":"#a3809906-d6d4-5eea-33a4-7b0e2d68fb0a","tintindex":0},"west":{"uv":[0.0,0.0,2.75,5.0],"rotation":0,"texture":"#a3809906-d6d4-5eea-33a4-7b0e2d68fb0a","tintindex":0}}}],"display":{"head":{"translation":[0.0,-6.4,0.0],"rotation":[0.0,0.0,0.0],"scale":[3.8095,3.8095,3.8095]},"gui":{"translation":[0.0,0.0,0.0],"rotation":[35.0,225.0,0.0],"scale":[0.625,0.625,0.625]}}}