{"file_name":"rightarm_low","texture_size":[64,64],"textures":{"a3809906-d6d4-5eea-33a4-7b0e2d68fb0a":"modelengine:entity/frog"},"elements":[{"name":"cube","from":[8.6,5.0,3.1999998],"to":[12.2,9.8,6.8],"rotation":{"angle":22.5,"axis":"x","origin":[11.6,1.3999997,3.1999998]},"faces":{"down":{"uv":[0.0,0.0,2.75,5.0],"rotation":0,"texture":"#a3809906-d6d4-5eea-33a4-7b0e2d68fb0a","tintindex":0},"east":{"uv":[0.0,0.0,2.75,5.0],"rotation":0,"texture":"#a3809906-d6d4-5eea-33a4-7b0e2d68fb0a","tintindex":0},"north":{"uv":[0.0,0.0,2.75,5.0],"rotation":0,"texture":"#a3809906-d6d4-5eea-33a4-7b0e2d68fb0a","tintindex":0},"south":{"uv":[0.0,0.0,2.75,5.0],"rotation":0,"texture":"#a3809906-d6d4-5eea-33a4-7b0e2d68fb0a","tintindex":0},"up":{"uv":[0.0,0.0,2.75,5.0],"rotation":0,"texture":"#a3809906-d6d4-5eea-33a4-7b0e2d68fb0a","tintindex":0},"west":{"uv":[0.0,0.0,2.75,5.0],"rotation":0,"texture":"#a3809906-d6d4-5eea-33a4-7b0e2d68fb0a","tintindex":0}}},{"name":"cube","from":[9.2,2.6,2.2999997],"to":[11.6,6.2,4.7],"rotation":{"angle":22.5,"axis":"x","origin":[11.6,-2.2000003,1.9999998]},"faces":{"down":{"uv":[0.0,0.0,2.75,5.0],"rotation":0,"texture":"#a3809906-d6d4-5eea-33a4-7b0e2d68fb0a","tintindex":0},"east":{"uv":[0.0,0.0,2.75,5.0],"rotation":0,"texture":"#a3809906-d6d4-5eea-33a4-7b0e2d68fb0a","tintindex":0},"north":{"uv":[0.0,0.0,2.75,5.0],"rotation":0,"texture":"#a3809906-d6d4-5eea-33a4-7b0e2d68fb0a","tintindex":0},"south":{"uv":[0.0,0.0,2.75,5.0],"rotation":0,"texture":"#a3809906-d6d4-5eea-33a4-7b0e2d68fb0a","tintindex":0},"up":{"uv":[0.0,0.0,2.75,5.0],"rotation":0,"texture":"#a3809906-d6d4-5eea-33a4-7b0e2d68fb0a","tintindex":0},"west":{"uv":[0.0,0.0,2.75,5.0],"rotation":0,"texture":"#a3809906-d6d4-5eea-33a4-7b0e2d68fb0a","tintindex":0}}},{"name":"cube","from":[8.0,1.3999997,1.6999998],"to":[12.8,2.6,6.5],"rotation":{"angle":0.0,"axis":"x","origin":[11.6,-3.4000006,0.7999997]},"faces":{"down":{"uv":[0.0,0.0,2.75,5.0],"rotation":0,"texture":"#a3809906-d6d4-5eea-33a4-7b0e2d68fb0a","tintindex":0},"east":{"uv":[0.0,0.0,4.0,1.0],"rotation":0,"texture":"#a3809906-d6d4-5eea-33a4-7b0e2d68fb0a","tintindex":0},"north":{"uv":[0.0,0.0,4.0,1.0],"rotation":0,"texture":"#a3809906-d6d4-5eea-33a4-7b0e2d68fb0a","tintindex":0},"south":{"uv":[0.0,0.0,4.0,1.0],"rotation":0,"texture":"#a3809906-d6d4-5eea-33a4-7b0e2d68fb0a","tintindex":0},"up":{"uv":[0.0,0.0,2.75,5.0],"rotation":0,"texture":"#a3809906-d6d4-5eea-33a4-7b0e2d68fb0a","tintindex":0},"west":{"uv":[0.0,0.0,4.0,1.0],"rotation":0,"texture":"#a3809906-d6d4-5eea-33a4-7b0e2d68fb0a","tintindex":0}}}],"display":{"head":{"translation":[0.0,-6.4,0.0],"rotation":[0.0,0.0,0.0],"scale":[3.8095,3.8095,3.8095]},"gui":{"translation":[0.0,0.0,0.0],"rotation":[35.0,225.0,0.0],"scale":[0.625,0.625,0.625]}}}