{"file_name":"body","texture_size":[128,128],"textures":{"3db15fac-476f-928b-9230-2b6f14f0c30c":"modelengine:entity/combat_dummy"},"elements":[{"name":"cube","from":[22.400002,15.05,6.2],"to":[22.400002,18.05,9.8],"rotation":{"angle":45.0,"axis":"z","origin":[8.0,4.3999996,8.0]},"faces":{"down":{"uv":[6.375,8.25,7.125,8.875],"rotation":270,"texture":"#3db15fac-476f-928b-9230-2b6f14f0c30c","tintindex":0},"east":{"uv":[6.375,8.25,7.125,8.875],"rotation":0,"texture":"#3db15fac-476f-928b-9230-2b6f14f0c30c","tintindex":0},"north":{"uv":[6.375,8.25,7.125,8.875],"rotation":0,"texture":"#3db15fac-476f-928b-9230-2b6f14f0c30c","tintindex":0},"south":{"uv":[6.375,8.25,7.125,8.875],"rotation":0,"texture":"#3db15fac-476f-928b-9230-2b6f14f0c30c","tintindex":0},"up":{"uv":[6.375,8.25,7.125,8.875],"rotation":90,"texture":"#3db15fac-476f-928b-9230-2b6f14f0c30c","tintindex":0},"west":{"uv":[7.125,8.25,6.375,8.875],"rotation":0,"texture":"#3db15fac-476f-928b-9230-2b6f14f0c30c","tintindex":0}}},{"name":"cube","from":[7.4,5.6,7.4],"to":[8.6,24.8,8.6],"rotation":{"angle":0.0,"axis":"x","origin":[8.0,4.3999996,8.0]},"faces":{"down":{"uv":[1.0,11.5,1.25,15.5],"rotation":0,"texture":"#3db15fac-476f-928b-9230-2b6f14f0c30c","tintindex":0},"east":{"uv":[1.0,11.5,1.25,15.5],"rotation":0,"texture":"#3db15fac-476f-928b-9230-2b6f14f0c30c","tintindex":0},"north":{"uv":[1.0,11.5,1.25,15.5],"rotation":0,"texture":"#3db15fac-476f-928b-9230-2b6f14f0c30c","tintindex":0},"south":{"uv":[1.0,11.5,1.25,15.5],"rotation":0,"texture":"#3db15fac-476f-928b-9230-2b6f14f0c30c","tintindex":0},"up":{"uv":[1.0,11.5,1.25,15.5],"rotation":0,"texture":"#3db15fac-476f-928b-9230-2b6f14f0c30c","tintindex":0},"west":{"uv":[1.0,11.5,1.25,15.5],"rotation":0,"texture":"#3db15fac-476f-928b-9230-2b6f14f0c30c","tintindex":0}}},{"name":"cube","from":[6.2,3.0499997,-6.4000006],"to":[9.8,6.05,-6.4000006],"rotation":{"angle":45.0,"axis":"x","origin":[8.0,-7.6000004,8.0]},"faces":{"down":{"uv":[6.375,8.25,7.125,8.875],"rotation":0,"texture":"#3db15fac-476f-928b-9230-2b6f14f0c30c","tintindex":0},"east":{"uv":[6.375,8.25,7.125,8.875],"rotation":0,"texture":"#3db15fac-476f-928b-9230-2b6f14f0c30c","tintindex":0},"north":{"uv":[6.375,8.25,7.125,8.875],"rotation":0,"texture":"#3db15fac-476f-928b-9230-2b6f14f0c30c","tintindex":0},"south":{"uv":[7.125,8.25,6.375,8.875],"rotation":0,"texture":"#3db15fac-476f-928b-9230-2b6f14f0c30c","tintindex":0},"up":{"uv":[6.375,8.25,7.125,8.875],"rotation":0,"texture":"#3db15fac-476f-928b-9230-2b6f14f0c30c","tintindex":0},"west":{"uv":[6.375,8.25,7.125,8.875],"rotation":0,"texture":"#3db15fac-476f-928b-9230-2b6f14f0c30c","tintindex":0}}},{"name":"cube","from":[-6.4000006,3.0499997,6.2],"to":[-6.4000006,6.05,9.8],"rotation":{"angle":-45.0,"axis":"z","origin":[8.0,-7.6000004,8.0]},"faces":{"down":{"uv":[6.375,8.25,7.125,8.875],"rotation":90,"texture":"#3db15fac-476f-928b-9230-2b6f14f0c30c","tintindex":0},"east":{"uv":[7.125,8.25,6.375,8.875],"rotation":0,"texture":"#3db15fac-476f-928b-9230-2b6f14f0c30c","tintindex":0},"north":{"uv":[6.375,8.25,7.125,8.875],"rotation":0,"texture":"#3db15fac-476f-928b-9230-2b6f14f0c30c","tintindex":0},"south":{"uv":[6.375,8.25,7.125,8.875],"rotation":0,"texture":"#3db15fac-476f-928b-9230-2b6f14f0c30c","tintindex":0},"up":{"uv":[6.375,8.25,7.125,8.875],"rotation":270,"texture":"#3db15fac-476f-928b-9230-2b6f14f0c30c","tintindex":0},"west":{"uv":[6.375,8.25,7.125,8.875],"rotation":0,"texture":"#3db15fac-476f-928b-9230-2b6f14f0c30c","tintindex":0}}},{"name":"cube","from":[6.2,3.0499997,22.400002],"to":[9.8,6.05,22.400002],"rotation":{"angle":-45.0,"axis":"x","origin":[8.0,-7.6000004,8.0]},"faces":{"down":{"uv":[6.375,8.25,7.125,8.875],"rotation":180,"texture":"#3db15fac-476f-928b-9230-2b6f14f0c30c","tintindex":0},"east":{"uv":[6.375,8.25,7.125,8.875],"rotation":0,"texture":"#3db15fac-476f-928b-9230-2b6f14f0c30c","tintindex":0},"north":{"uv":[7.125,8.25,6.375,8.875],"rotation":0,"texture":"#3db15fac-476f-928b-9230-2b6f14f0c30c","tintindex":0},"south":{"uv":[6.375,8.25,7.125,8.875],"rotation":0,"texture":"#3db15fac-476f-928b-9230-2b6f14f0c30c","tintindex":0},"up":{"uv":[6.375,8.25,7.125,8.875],"rotation":180,"texture":"#3db15fac-476f-928b-9230-2b6f14f0c30c","tintindex":0},"west":{"uv":[6.375,8.25,7.125,8.875],"rotation":0,"texture":"#3db15fac-476f-928b-9230-2b6f14f0c30c","tintindex":0}}},{"name":"cube","from":[22.400002,3.0499997,6.2],"to":[22.400002,6.05,9.8],"rotation":{"angle":45.0,"axis":"z","origin":[8.0,-7.6000004,8.0]},"faces":{"down":{"uv":[6.375,8.25,7.125,8.875],"rotation":270,"texture":"#3db15fac-476f-928b-9230-2b6f14f0c30c","tintindex":0},"east":{"uv":[6.375,8.25,7.125,8.875],"rotation":0,"texture":"#3db15fac-476f-928b-9230-2b6f14f0c30c","tintindex":0},"north":{"uv":[6.375,8.25,7.125,8.875],"rotation":0,"texture":"#3db15fac-476f-928b-9230-2b6f14f0c30c","tintindex":0},"south":{"uv":[6.375,8.25,7.125,8.875],"rotation":0,"texture":"#3db15fac-476f-928b-9230-2b6f14f0c30c","tintindex":0},"up":{"uv":[6.375,8.25,7.125,8.875],"rotation":90,"texture":"#3db15fac-476f-928b-9230-2b6f14f0c30c","tintindex":0},"west":{"uv":[7.125,8.25,6.375,8.875],"rotation":0,"texture":"#3db15fac-476f-928b-9230-2b6f14f0c30c","tintindex":0}}},{"name":"cube","from":[6.2,12.2,6.2],"to":[9.8,19.400002,9.8],"rotation":{"angle":0.0,"axis":"x","origin":[8.0,4.3999996,8.0]},"faces":{"down":{"uv":[0.0,8.25,0.75,9.75],"rotation":0,"texture":"#3db15fac-476f-928b-9230-2b6f14f0c30c","tintindex":0},"east":{"uv":[0.0,8.25,0.75,9.75],"rotation":0,"texture":"#3db15fac-476f-928b-9230-2b6f14f0c30c","tintindex":0},"north":{"uv":[0.75,9.0,1.5,10.5],"rotation":0,"texture":"#3db15fac-476f-928b-9230-2b6f14f0c30c","tintindex":0},"south":{"uv":[0.0,8.25,0.75,9.75],"rotation":0,"texture":"#3db15fac-476f-928b-9230-2b6f14f0c30c","tintindex":0},"up":{"uv":[0.0,8.25,0.75,9.75],"rotation":0,"texture":"#3db15fac-476f-928b-9230-2b6f14f0c30c","tintindex":0},"west":{"uv":[0.0,8.25,0.75,9.75],"rotation":0,"texture":"#3db15fac-476f-928b-9230-2b6f14f0c30c","tintindex":0}}},{"name":"cube","from":[-4.9000006,16.400002,6.74],"to":[-1.9000006,17.6,9.139999],"rotation":{"angle":-45.0,"axis":"z","origin":[8.0,5.6,8.0]},"faces":{"down":{"uv":[3.5,9.75,4.125,10.0],"rotation":0,"texture":"#3db15fac-476f-928b-9230-2b6f14f0c30c","tintindex":0},"east":{"uv":[3.5,9.75,4.0,10.0],"rotation":0,"texture":"#3db15fac-476f-928b-9230-2b6f14f0c30c","tintindex":0},"north":{"uv":[3.5,9.75,4.125,10.0],"rotation":0,"texture":"#3db15fac-476f-928b-9230-2b6f14f0c30c","tintindex":0},"south":{"uv":[3.5,9.75,4.125,10.0],"rotation":0,"texture":"#3db15fac-476f-928b-9230-2b6f14f0c30c","tintindex":0},"up":{"uv":[3.5,9.75,4.125,10.0],"rotation":0,"texture":"#3db15fac-476f-928b-9230-2b6f14f0c30c","tintindex":0},"west":{"uv":[3.5,9.75,4.0,10.0],"rotation":0,"texture":"#3db15fac-476f-928b-9230-2b6f14f0c30c","tintindex":0}}},{"name":"cube","from":[17.900002,16.400002,6.8],"to":[20.900002,17.6,9.2],"rotation":{"angle":45.0,"axis":"z","origin":[8.0,5.6,8.0]},"faces":{"down":{"uv":[3.5,9.5,4.125,9.75],"rotation":0,"texture":"#3db15fac-476f-928b-9230-2b6f14f0c30c","tintindex":0},"east":{"uv":[3.5,9.5,4.0,9.75],"rotation":0,"texture":"#3db15fac-476f-928b-9230-2b6f14f0c30c","tintindex":0},"north":{"uv":[3.5,9.5,4.125,9.75],"rotation":0,"texture":"#3db15fac-476f-928b-9230-2b6f14f0c30c","tintindex":0},"south":{"uv":[3.5,9.5,4.125,9.75],"rotation":0,"texture":"#3db15fac-476f-928b-9230-2b6f14f0c30c","tintindex":0},"up":{"uv":[3.5,9.5,4.125,9.75],"rotation":0,"texture":"#3db15fac-476f-928b-9230-2b6f14f0c30c","tintindex":0},"west":{"uv":[3.5,9.5,4.0,9.75],"rotation":0,"texture":"#3db15fac-476f-928b-9230-2b6f14f0c30c","tintindex":0}}},{"name":"cube","from":[1.3999997,21.14,7.4],"to":[14.6,22.34,8.6],"rotation":{"angle":0.0,"axis":"x","origin":[8.0,5.6,8.0]},"faces":{"down":{"uv":[3.875,11.625,6.625,11.875],"rotation":0,"texture":"#3db15fac-476f-928b-9230-2b6f14f0c30c","tintindex":0},"east":{"uv":[3.875,11.0,4.125,11.25],"rotation":0,