{"textures":{"0":"modelengine:entity/beast"},"elements":[{"name":"cube","from":[6.8,-1.0000005,1.9999998],"to":[9.8,1.3999997,11.000002],"rotation":{"angle":-22.5,"axis":"x","origin":[15.2,-0.40000033,-10.000001]},"faces":{"down":{"uv":[1.375,6.75,1.0625,7.6875],"rotation":0,"texture":"#0","tintindex":0},"east":{"uv":[7.0625,6.125,8.0,6.375],"rotation":0,"texture":"#0","tintindex":0},"north":{"uv":[7.4375,1.75,7.75,2.0],"rotation":0,"texture":"#0","tintindex":0},"south":{"uv":[7.4375,2.6875,7.75,2.9375],"rotation":0,"texture":"#0","tintindex":0},"up":{"uv":[6.9375,7.5625,6.625,6.625],"rotation":0,"texture":"#0","tintindex":0},"west":{"uv":[7.0625,6.375,8.0,6.625],"rotation":0,"texture":"#0","tintindex":0}}},{"name":"cube","from":[6.2,3.1111696,-2.337017],"to":[11.0,6.11117,3.6629832],"rotation":{"angle":0.0,"axis":"x","origin":[15.2,-1.0888305,-8.337017]},"faces":{"down":{"uv":[7.0625,0.5625,6.5625,1.1875],"rotation":0,"texture":"#0","tintindex":0},"east":{"uv":[7.1875,5.1875,7.8125,5.5],"rotation":0,"texture":"#0","tintindex":0},"north":{"uv":[5.375,2.6875,5.875,3.0],"rotation":0,"texture":"#0","tintindex":0},"south":{"uv":[7.3125,6.8125,7.8125,7.125],"rotation":0,"texture":"#0","tintindex":0},"up":{"uv":[0.5,7.125,0.0,6.5],"rotation":0,"texture":"#0","tintindex":0},"west":{"uv":[7.1875,5.5,7.8125,5.8125],"rotation":0,"texture":"#0","tintindex":0}}}],"display":{"head":{"translation":[0.0,-6.4,0.0],"rotation":[0.0,0.0,0.0],"scale":[3.8095,3.8095,3.8095]}}}