{"textures":{"0":"modelengine:entity/beast"},"elements":[{"name":"cube","from":[3.1999998,-1.0000005,1.3999997],"to":[6.2,1.3999997,10.400002],"rotation":{"angle":-22.5,"axis":"x","origin":[-2.2000003,-0.40000033,-10.6]},"faces":{"down":{"uv":[2.0,6.75,1.6875,7.6875],"rotation":0,"texture":"#0","tintindex":0},"east":{"uv":[7.125,2.1875,8.0625,2.4375],"rotation":0,"texture":"#0","tintindex":0},"north":{"uv":[7.4375,2.9375,7.75,3.1875],"rotation":0,"texture":"#0","tintindex":0},"south":{"uv":[7.4375,7.3125,7.75,7.5625],"rotation":0,"texture":"#0","tintindex":0},"up":{"uv":[1.6875,7.6875,1.375,6.75],"rotation":0,"texture":"#0","tintindex":0},"west":{"uv":[2.3125,7.125,3.25,7.375],"rotation":0,"texture":"#0","tintindex":0}}},{"name":"cube","from":[1.9999998,3.1111696,-2.937017],"to":[6.8,6.11117,3.062983],"rotation":{"angle":0.0,"axis":"x","origin":[-2.2000003,-1.0888305,-8.937017]},"faces":{"down":{"uv":[7.125,1.8125,6.625,2.4375],"rotation":0,"texture":"#0","tintindex":0},"east":{"uv":[7.1875,5.8125,7.8125,6.125],"rotation":0,"texture":"#0","tintindex":0},"north":{"uv":[6.9375,7.3125,7.4375,7.625],"rotation":0,"texture":"#0","tintindex":0},"south":{"uv":[2.3125,7.375,2.8125,7.6875],"rotation":0,"texture":"#0","tintindex":0},"up":{"uv":[7.125,1.8125,6.625,1.1875],"rotation":0,"texture":"#0","tintindex":0},"west":{"uv":[7.25,3.375,7.875,3.6875],"rotation":0,"texture":"#0","tintindex":0}}}],"display":{"head":{"translation":[0.0,-6.4,0.0],"rotation":[0.0,0.0,0.0],"scale":[3.8095,3.8095,3.8095]}}}