{"textures":{"0":"modelengine:entity/mso_cave_insect","1":"modelengine:entity/mso_cave_insect_e"},"elements":[{"name":"cube","from":[10.286396,1.5999995,3.0136037],"to":[13.286397,10.0,6.0136037],"rotation":{"angle":0.0,"axis":"x","origin":[10.286396,1.5999995,5.413604]},"faces":{"down":{"uv":[11.0,10.0,11.625,10.625],"rotation":0,"texture":"#0","tintindex":0},"east":{"uv":[0.625,8.875,0.0,10.625],"rotation":0,"texture":"#0","tintindex":0},"north":{"uv":[6.75,8.5,6.125,10.25],"rotation":0,"texture":"#0","tintindex":0},"south":{"uv":[0.0,8.875,0.625,10.625],"rotation":0,"texture":"#0","tintindex":0},"up":{"uv":[3.625,11.625,4.25,11.0],"rotation":0,"texture":"#0","tintindex":0},"west":{"uv":[6.125,8.5,6.75,10.25],"rotation":0,"texture":"#0","tintindex":0}}},{"name":"cube","from":[10.886396,5.2,4.2136035],"to":[12.686397,9.4,10.213604],"rotation":{"angle":-45.0,"axis":"y","origin":[11.786396,5.7999997,4.5136037]},"faces":{"down":{"uv":[10.5,5.375,10.875,6.625],"rotation":0,"texture":"#0","tintindex":0},"east":{"uv":[10.125,0.0,8.875,0.875],"rotation":0,"texture":"#0","tintindex":0},"north":{"uv":[10.875,11.25,10.5,12.125],"rotation":0,"texture":"#0","tintindex":0},"south":{"uv":[11.25,11.25,10.875,12.125],"rotation":0,"texture":"#0","tintindex":0},"up":{"uv":[9.75,11.5,10.125,10.25],"rotation":0,"texture":"#0","tintindex":0},"west":{"uv":[8.875,0.0,10.125,0.875],"rotation":0,"texture":"#0","tintindex":0}}},{"name":"cube","from":[11.786396,-1.4000006,2.4136035],"to":[11.786396,1.5999995,6.6136036],"rotation":{"angle":45.0,"axis":"y","origin":[11.786396,0.09999943,4.5136037]},"faces":{"down":{"uv":[0.0,0.0,0.0,0.875],"rotation":0,"texture":"#0","tintindex":0},"east":{"uv":[11.375,4.75,10.5,5.375],"rotation":0,"texture":"#0","tintindex":0},"north":{"uv":[0.0,0.0,0.0,0.625],"rotation":0,"texture":"#0","tintindex":0},"south":{"uv":[0.0,0.0,0.0,0.625],"rotation":0,"texture":"#0","tintindex":0},"up":{"uv":[0.0,0.875,0.0,0.0],"rotation":0,"texture":"#0","tintindex":0},"west":{"uv":[11.0,10.0,10.125,10.625],"rotation":0,"texture":"#0","tintindex":0}}},{"name":"cube","from":[11.786396,-1.4000006,2.4136035],"to":[11.786396,1.5999995,6.6136036],"rotation":{"angle":0.0,"axis":"x","origin":[11.786396,0.09999943,4.5136037]},"faces":{"down":{"uv":[0.0,0.0,0.0,0.875],"rotation":0,"texture":"#0","tintindex":0},"east":{"uv":[11.375,4.75,10.5,5.375],"rotation":0,"texture":"#0","tintindex":0},"north":{"uv":[0.0,0.0,0.0,0.625],"rotation":0,"texture":"#0","tintindex":0},"south":{"uv":[0.0,0.0,0.0,0.625],"rotation":0,"texture":"#0","tintindex":0},"up":{"uv":[0.0,0.875,0.0,0.0],"rotation":0,"texture":"#0","tintindex":0},"west":{"uv":[11.0,10.0,10.125,10.625],"rotation":0,"texture":"#0","tintindex":0}}}],"display":{"head":{"translation":[0.0,-6.4,0.0],"rotation":[0.0,0.0,0.0],"scale":[3.8095,3.8095,3.8095]}}}